<metadata xml:lang="en"><Esri><CreaDate>20200417</CreaDate><CreaTime>17254800</CreaTime><ArcGISFormat>1.0</ArcGISFormat><SyncOnce>FALSE</SyncOnce><DataProperties><lineage><Process ToolSource="d:\instalacion_argis_2018\server\ArcToolbox\Toolboxes\Conversion Tools.tbx\FeatureClassToFeatureClass" Date="20200417" Time="172548">FeatureClassToFeatureClass D:/Geoprocesos/Queryslayersfiles/IRLocEneMar20.lyr D:/Geoprocesos/_Conexiones/oaiee@pdbarcgi.sde/OAIEE.Cifras IRLoc # "CMIULOCAL "CMIULOCAL" true true false 2 Text 0 0 ,First,#,D:/Geoprocesos/Queryslayersfiles/IRLocEneMar20.lyr,CMIULOCAL,-1,-1;CMNOMLOCAL "CMNOMLOCAL" true true false 500 Text 0 0 ,First,#,D:/Geoprocesos/Queryslayersfiles/IRLocEneMar20.lyr,CMNOMLOCAL,-1,-1;CMMES "CMMES" true true false 7 Text 0 0 ,First,#,D:/Geoprocesos/Queryslayersfiles/IRLocEneMar20.lyr,CMMES,-1,-1;CMR18CONT "CMR18CONT" true true false 8 Double 10 38 ,First,#,D:/Geoprocesos/Queryslayersfiles/IRLocEneMar20.lyr,CMR18CONT,-1,-1;CMR19CONT "CMR19CONT" true true false 8 Double 10 38 ,First,#,D:/Geoprocesos/Queryslayersfiles/IRLocEneMar20.lyr,CMR19CONT,-1,-1;CMR20CONT "CMR20CONT" true true false 8 Double 10 38 ,First,#,D:/Geoprocesos/Queryslayersfiles/IRLocEneMar20.lyr,CMR20CONT,-1,-1;CMRVAR "CMRVAR" true true false 8 Double 10 38 ,First,#,D:/Geoprocesos/Queryslayersfiles/IRLocEneMar20.lyr,CMRVAR,-1,-1;CMRTOTAL "CMRTOTAL" true true false 8 Double 10 38 ,First,#,D:/Geoprocesos/Queryslayersfiles/IRLocEneMar20.lyr,CMRTOTAL,-1,-1;CMN18CONT "CMN18CONT" true true false 8 Double 10 38 ,First,#,D:/Geoprocesos/Queryslayersfiles/IRLocEneMar20.lyr,CMN18CONT,-1,-1;CMN19CONT "CMN19CONT" true true false 8 Double 10 38 ,First,#,D:/Geoprocesos/Queryslayersfiles/IRLocEneMar20.lyr,CMN19CONT,-1,-1;CMN20CONT "CMN20CONT" true true false 8 Double 10 38 ,First,#,D:/Geoprocesos/Queryslayersfiles/IRLocEneMar20.lyr,CMN20CONT,-1,-1;CMNVAR "CMNVAR" true true false 8 Double 10 38 ,First,#,D:/Geoprocesos/Queryslayersfiles/IRLocEneMar20.lyr,CMNVAR,-1,-1;CMNTOTAL "CMNTOTAL" true true false 8 Double 10 38 ,First,#,D:/Geoprocesos/Queryslayersfiles/IRLocEneMar20.lyr,CMNTOTAL,-1,-1;CMAOP18CONT "CMAOP18CONT" true true false 8 Double 10 38 ,First,#,D:/Geoprocesos/Queryslayersfiles/IRLocEneMar20.lyr,CMAOP18CONT,-1,-1;CMAOP19CONT "CMAOP19CONT" true true false 8 Double 10 38 ,First,#,D:/Geoprocesos/Queryslayersfiles/IRLocEneMar20.lyr,CMAOP19CONT,-1,-1;CMAOP20CONT "CMAOP20CONT" true true false 8 Double 10 38 ,First,#,D:/Geoprocesos/Queryslayersfiles/IRLocEneMar20.lyr,CMAOP20CONT,-1,-1;CMAOPVAR "CMAOPVAR" true true false 8 Double 10 38 ,First,#,D:/Geoprocesos/Queryslayersfiles/IRLocEneMar20.lyr,CMAOPVAR,-1,-1;CMAOPTOTAL "CMAOPTOTAL" true true false 8 Double 10 38 ,First,#,D:/Geoprocesos/Queryslayersfiles/IRLocEneMar20.lyr,CMAOPTOTAL,-1,-1" #</Process><Process ToolSource="d:\instalacion_argis_2018\server\ArcToolbox\Toolboxes\Data Management Tools.tbx\AlterField" Date="20200420" Time="110725">AlterField D:/Geoprocesos/_Conexiones/oaiee@pdbarcgi.sde/OAIEE.Cifras/OAIEE.IRLoc CMR18CONT # "Total Riñas 2018" DOUBLE 8 NULLABLE false</Process><Process ToolSource="d:\instalacion_argis_2018\server\ArcToolbox\Toolboxes\Data Management Tools.tbx\AlterField" Date="20200420" Time="110726">AlterField D:/Geoprocesos/_Conexiones/oaiee@pdbarcgi.sde/OAIEE.Cifras/OAIEE.IRLoc CMR19CONT # "Total Riñas 2019" DOUBLE 8 NULLABLE false</Process><Process ToolSource="d:\instalacion_argis_2018\server\ArcToolbox\Toolboxes\Data Management Tools.tbx\AlterField" Date="20200420" Time="110727">AlterField D:/Geoprocesos/_Conexiones/oaiee@pdbarcgi.sde/OAIEE.Cifras/OAIEE.IRLoc CMR20CONT # "Total Riñas 2020" DOUBLE 8 NULLABLE false</Process><Process ToolSource="d:\instalacion_argis_2018\server\ArcToolbox\Toolboxes\Data Management Tools.tbx\AlterField" Date="20200420" Time="110727">AlterField D:/Geoprocesos/_Conexiones/oaiee@pdbarcgi.sde/OAIEE.Cifras/OAIEE.IRLoc CMRVAR # "Variación  Riñas 2019-2020 %" DOUBLE 8 NULLABLE false</Process><Process ToolSource="d:\instalacion_argis_2018\server\ArcToolbox\Toolboxes\Data Management Tools.tbx\AlterField" Date="20200420" Time="110728">AlterField D:/Geoprocesos/_Conexiones/oaiee@pdbarcgi.sde/OAIEE.Cifras/OAIEE.IRLoc CMRTOTAL # "Total Riñas 2020 Bogot? D.C." DOUBLE 8 NULLABLE false</Process><Process ToolSource="d:\instalacion_argis_2018\server\ArcToolbox\Toolboxes\Data Management Tools.tbx\AlterField" Date="20200420" Time="110729">AlterField D:/Geoprocesos/_Conexiones/oaiee@pdbarcgi.sde/OAIEE.Cifras/OAIEE.IRLoc CMN18CONT # "Total Narcóticos 2018" DOUBLE 8 NULLABLE false</Process><Process ToolSource="d:\instalacion_argis_2018\server\ArcToolbox\Toolboxes\Data Management Tools.tbx\AlterField" Date="20200420" Time="110730">AlterField D:/Geoprocesos/_Conexiones/oaiee@pdbarcgi.sde/OAIEE.Cifras/OAIEE.IRLoc CMN19CONT # "Total Narcóticos 2019" DOUBLE 8 NULLABLE false</Process><Process ToolSource="d:\instalacion_argis_2018\server\ArcToolbox\Toolboxes\Data Management Tools.tbx\AlterField" Date="20200420" Time="110730">AlterField D:/Geoprocesos/_Conexiones/oaiee@pdbarcgi.sde/OAIEE.Cifras/OAIEE.IRLoc CMN20CONT # "Total Narcóticos 2020" DOUBLE 8 NULLABLE false</Process><Process ToolSource="d:\instalacion_argis_2018\server\ArcToolbox\Toolboxes\Data Management Tools.tbx\AlterField" Date="20200420" Time="110731">AlterField D:/Geoprocesos/_Conexiones/oaiee@pdbarcgi.sde/OAIEE.Cifras/OAIEE.IRLoc CMNVAR # "Variación  Narcóticos 2019-2020 %" DOUBLE 8 NULLABLE false</Process><Process ToolSource="d:\instalacion_argis_2018\server\ArcToolbox\Toolboxes\Data Management Tools.tbx\AlterField" Date="20200420" Time="110732">AlterField D:/Geoprocesos/_Conexiones/oaiee@pdbarcgi.sde/OAIEE.Cifras/OAIEE.IRLoc CMNTOTAL # "Total Narcóticos 2020 Bogot? D.C." DOUBLE 8 NULLABLE false</Process><Process ToolSource="d:\instalacion_argis_2018\server\ArcToolbox\Toolboxes\Data Management Tools.tbx\AlterField" Date="20200420" Time="110733">AlterField D:/Geoprocesos/_Conexiones/oaiee@pdbarcgi.sde/OAIEE.Cifras/OAIEE.IRLoc CMAOP18CONT # "Total Alteración Orden Público 2018" DOUBLE 8 NULLABLE false</Process><Process ToolSource="d:\instalacion_argis_2018\server\ArcToolbox\Toolboxes\Data Management Tools.tbx\AlterField" Date="20200420" Time="110734">AlterField D:/Geoprocesos/_Conexiones/oaiee@pdbarcgi.sde/OAIEE.Cifras/OAIEE.IRLoc CMAOP19CONT # "Total Alteración Orden Público 2019" DOUBLE 8 NULLABLE false</Process><Process ToolSource="d:\instalacion_argis_2018\server\ArcToolbox\Toolboxes\Data Management Tools.tbx\AlterField" Date="20200420" Time="110734">AlterField D:/Geoprocesos/_Conexiones/oaiee@pdbarcgi.sde/OAIEE.Cifras/OAIEE.IRLoc CMAOP20CONT # "Total Alteración Orden Público 2020" DOUBLE 8 NULLABLE false</Process><Process ToolSource="d:\instalacion_argis_2018\server\ArcToolbox\Toolboxes\Data Management Tools.tbx\AlterField" Date="20200420" Time="110735">AlterField D:/Geoprocesos/_Conexiones/oaiee@pdbarcgi.sde/OAIEE.Cifras/OAIEE.IRLoc CMAOPVAR # "Variación  Alteración Orden Público 2019-2020 %" DOUBLE 8 NULLABLE false</Process><Process ToolSource="d:\instalacion_argis_2018\server\ArcToolbox\Toolboxes\Data Management Tools.tbx\AlterField" Date="20200420" Time="110736">AlterField D:/Geoprocesos/_Conexiones/oaiee@pdbarcgi.sde/OAIEE.Cifras/OAIEE.IRLoc CMAOPTOTAL # "Total Alteración Orden Público 2020 Bogot? D.C." DOUBLE 8 NULLABLE false</Process><Process ToolSource="d:\instalacion_argis_2018\server\ArcToolbox\Toolboxes\Data Management Tools.tbx\AlterField" Date="20200420" Time="110737">AlterField D:/Geoprocesos/_Conexiones/oaiee@pdbarcgi.sde/OAIEE.Cifras/OAIEE.IRLoc CMIULOCAL # "Código Localidad" TEXT 2 NULLABLE false</Process><Process ToolSource="d:\instalacion_argis_2018\server\ArcToolbox\Toolboxes\Data Management Tools.tbx\AlterField" Date="20200420" Time="110738">AlterField D:/Geoprocesos/_Conexiones/oaiee@pdbarcgi.sde/OAIEE.Cifras/OAIEE.IRLoc CMNOMLOCAL # "Nombre Localidad" TEXT 500 NULLABLE false</Process><Process ToolSource="d:\instalacion_argis_2018\server\ArcToolbox\Toolboxes\Data Management Tools.tbx\AlterField" Date="20200420" Time="110739">AlterField D:/Geoprocesos/_Conexiones/oaiee@pdbarcgi.sde/OAIEE.Cifras/OAIEE.IRLoc CMMES # Mes TEXT 7 NULLABLE false</Process><Process ToolSource="d:\instalacion_argis_2018\server\ArcToolbox\Toolboxes\Data Management Tools.tbx\AlterField" Date="20200420" Time="112249">AlterField D:/Geoprocesos/_Conexiones/oaiee@pdbarcgi.sde/OAIEE.Cifras/OAIEE.IRLoc CMR18CONT # "Total Riñas 2018" DOUBLE 8 NULLABLE false</Process><Process ToolSource="d:\instalacion_argis_2018\server\ArcToolbox\Toolboxes\Data Management Tools.tbx\AlterField" Date="20200420" Time="112249">AlterField D:/Geoprocesos/_Conexiones/oaiee@pdbarcgi.sde/OAIEE.Cifras/OAIEE.IRLoc CMR19CONT # "Total Riñas 2019" DOUBLE 8 NULLABLE false</Process><Process ToolSource="d:\instalacion_argis_2018\server\ArcToolbox\Toolboxes\Data Management Tools.tbx\AlterField" Date="20200420" Time="112250">AlterField D:/Geoprocesos/_Conexiones/oaiee@pdbarcgi.sde/OAIEE.Cifras/OAIEE.IRLoc CMR20CONT # "Total Riñas 2020" DOUBLE 8 NULLABLE false</Process><Process ToolSource="d:\instalacion_argis_2018\server\ArcToolbox\Toolboxes\Data Management Tools.tbx\AlterField" Date="20200420" Time="112251">AlterField D:/Geoprocesos/_Conexiones/oaiee@pdbarcgi.sde/OAIEE.Cifras/OAIEE.IRLoc CMRVAR # "Variación  Riñas 2019-2020 %" DOUBLE 8 NULLABLE false</Process><Process ToolSource="d:\instalacion_argis_2018\server\ArcToolbox\Toolboxes\Data Management Tools.tbx\AlterField" Date="20200420" Time="112252">AlterField D:/Geoprocesos/_Conexiones/oaiee@pdbarcgi.sde/OAIEE.Cifras/OAIEE.IRLoc CMRTOTAL # "Total Riñas 2020 Bogot? D.C." DOUBLE 8 NULLABLE false</Process><Process ToolSource="d:\instalacion_argis_2018\server\ArcToolbox\Toolboxes\Data Management Tools.tbx\AlterField" Date="20200420" Time="112252">AlterField D:/Geoprocesos/_Conexiones/oaiee@pdbarcgi.sde/OAIEE.Cifras/OAIEE.IRLoc CMN18CONT # "Total Narcóticos 2018" DOUBLE 8 NULLABLE false</Process><Process ToolSource="d:\instalacion_argis_2018\server\ArcToolbox\Toolboxes\Data Management Tools.tbx\AlterField" Date="20200420" Time="112253">AlterField D:/Geoprocesos/_Conexiones/oaiee@pdbarcgi.sde/OAIEE.Cifras/OAIEE.IRLoc CMN19CONT # "Total Narcóticos 2019" DOUBLE 8 NULLABLE false</Process><Process ToolSource="d:\instalacion_argis_2018\server\ArcToolbox\Toolboxes\Data Management Tools.tbx\AlterField" Date="20200420" Time="112254">AlterField D:/Geoprocesos/_Conexiones/oaiee@pdbarcgi.sde/OAIEE.Cifras/OAIEE.IRLoc CMN20CONT # "Total Narcóticos 2020" DOUBLE 8 NULLABLE false</Process><Process ToolSource="d:\instalacion_argis_2018\server\ArcToolbox\Toolboxes\Data Management Tools.tbx\AlterField" Date="20200420" Time="112255">AlterField D:/Geoprocesos/_Conexiones/oaiee@pdbarcgi.sde/OAIEE.Cifras/OAIEE.IRLoc CMNVAR # "Variación  Narcóticos 2019-2020 %" DOUBLE 8 NULLABLE false</Process><Process ToolSource="d:\instalacion_argis_2018\server\ArcToolbox\Toolboxes\Data Management Tools.tbx\AlterField" Date="20200420" Time="112256">AlterField D:/Geoprocesos/_Conexiones/oaiee@pdbarcgi.sde/OAIEE.Cifras/OAIEE.IRLoc CMNTOTAL # "Total Narcóticos 2020 Bogot? D.C." DOUBLE 8 NULLABLE false</Process><Process ToolSource="d:\instalacion_argis_2018\server\ArcToolbox\Toolboxes\Data Management Tools.tbx\AlterField" Date="20200420" Time="112256">AlterField D:/Geoprocesos/_Conexiones/oaiee@pdbarcgi.sde/OAIEE.Cifras/OAIEE.IRLoc CMAOP18CONT # "Total Alteración Orden Público 2018" DOUBLE 8 NULLABLE false</Process><Process ToolSource="d:\instalacion_argis_2018\server\ArcToolbox\Toolboxes\Data Management Tools.tbx\AlterField" Date="20200420" Time="112257">AlterField D:/Geoprocesos/_Conexiones/oaiee@pdbarcgi.sde/OAIEE.Cifras/OAIEE.IRLoc CMAOP19CONT # "Total Alteración Orden Público 2019" DOUBLE 8 NULLABLE false</Process><Process ToolSource="d:\instalacion_argis_2018\server\ArcToolbox\Toolboxes\Data Management Tools.tbx\AlterField" Date="20200420" Time="112258">AlterField D:/Geoprocesos/_Conexiones/oaiee@pdbarcgi.sde/OAIEE.Cifras/OAIEE.IRLoc CMAOP20CONT # "Total Alteración Orden Público 2020" DOUBLE 8 NULLABLE false</Process><Process ToolSource="d:\instalacion_argis_2018\server\ArcToolbox\Toolboxes\Data Management Tools.tbx\AlterField" Date="20200420" Time="112259">AlterField D:/Geoprocesos/_Conexiones/oaiee@pdbarcgi.sde/OAIEE.Cifras/OAIEE.IRLoc CMAOPVAR # "Variación  Alteración Orden Público 2019-2020 %" DOUBLE 8 NULLABLE false</Process><Process ToolSource="d:\instalacion_argis_2018\server\ArcToolbox\Toolboxes\Data Management Tools.tbx\AlterField" Date="20200420" Time="112259">AlterField D:/Geoprocesos/_Conexiones/oaiee@pdbarcgi.sde/OAIEE.Cifras/OAIEE.IRLoc CMAOPTOTAL # "Total Alteración Orden Público 2020 Bogot? D.C." DOUBLE 8 NULLABLE false</Process><Process ToolSource="d:\instalacion_argis_2018\server\ArcToolbox\Toolboxes\Data Management Tools.tbx\AlterField" Date="20200420" Time="112300">AlterField D:/Geoprocesos/_Conexiones/oaiee@pdbarcgi.sde/OAIEE.Cifras/OAIEE.IRLoc CMIULOCAL # "Código Localidad" TEXT 2 NULLABLE false</Process><Process ToolSource="d:\instalacion_argis_2018\server\ArcToolbox\Toolboxes\Data Management Tools.tbx\AlterField" Date="20200420" Time="112301">AlterField D:/Geoprocesos/_Conexiones/oaiee@pdbarcgi.sde/OAIEE.Cifras/OAIEE.IRLoc CMNOMLOCAL # "Nombre Localidad" TEXT 500 NULLABLE false</Process><Process ToolSource="d:\instalacion_argis_2018\server\ArcToolbox\Toolboxes\Data Management Tools.tbx\AlterField" Date="20200420" Time="112302">AlterField D:/Geoprocesos/_Conexiones/oaiee@pdbarcgi.sde/OAIEE.Cifras/OAIEE.IRLoc CMMES # Mes TEXT 7 NULLABLE false</Process><Process ToolSource="d:\instalacion_argis_2018\server\ArcToolbox\Toolboxes\Data Management Tools.tbx\AlterField" Date="20200420" Time="113802">AlterField D:/Geoprocesos/_Conexiones/oaiee@pdbarcgi.sde/OAIEE.Cifras/OAIEE.IRLoc CMR18CONT # "Total Riñas 2018" DOUBLE 8 NULLABLE false</Process><Process ToolSource="d:\instalacion_argis_2018\server\ArcToolbox\Toolboxes\Data Management Tools.tbx\AlterField" Date="20200420" Time="113803">AlterField D:/Geoprocesos/_Conexiones/oaiee@pdbarcgi.sde/OAIEE.Cifras/OAIEE.IRLoc CMR19CONT # "Total Riñas 2019" DOUBLE 8 NULLABLE false</Process><Process ToolSource="d:\instalacion_argis_2018\server\ArcToolbox\Toolboxes\Data Management Tools.tbx\AlterField" Date="20200420" Time="113803">AlterField D:/Geoprocesos/_Conexiones/oaiee@pdbarcgi.sde/OAIEE.Cifras/OAIEE.IRLoc CMR20CONT # "Total Riñas 2020" DOUBLE 8 NULLABLE false</Process><Process ToolSource="d:\instalacion_argis_2018\server\ArcToolbox\Toolboxes\Data Management Tools.tbx\AlterField" Date="20200420" Time="113804">AlterField D:/Geoprocesos/_Conexiones/oaiee@pdbarcgi.sde/OAIEE.Cifras/OAIEE.IRLoc CMRVAR # "Variación  Riñas 2019-2020 %" DOUBLE 8 NULLABLE false</Process><Process ToolSource="d:\instalacion_argis_2018\server\ArcToolbox\Toolboxes\Data Management Tools.tbx\AlterField" Date="20200420" Time="113805">AlterField D:/Geoprocesos/_Conexiones/oaiee@pdbarcgi.sde/OAIEE.Cifras/OAIEE.IRLoc CMRTOTAL # "Total Riñas 2020 Bogotá D.C." DOUBLE 8 NULLABLE false</Process><Process ToolSource="d:\instalacion_argis_2018\server\ArcToolbox\Toolboxes\Data Management Tools.tbx\AlterField" Date="20200420" Time="113806">AlterField D:/Geoprocesos/_Conexiones/oaiee@pdbarcgi.sde/OAIEE.Cifras/OAIEE.IRLoc CMN18CONT # "Total Narcóticos 2018" DOUBLE 8 NULLABLE false</Process><Process ToolSource="d:\instalacion_argis_2018\server\ArcToolbox\Toolboxes\Data Management Tools.tbx\AlterField" Date="20200420" Time="113806">AlterField D:/Geoprocesos/_Conexiones/oaiee@pdbarcgi.sde/OAIEE.Cifras/OAIEE.IRLoc CMN19CONT # "Total Narcóticos 2019" DOUBLE 8 NULLABLE false</Process><Process ToolSource="d:\instalacion_argis_2018\server\ArcToolbox\Toolboxes\Data Management Tools.tbx\AlterField" Date="20200420" Time="113807">AlterField D:/Geoprocesos/_Conexiones/oaiee@pdbarcgi.sde/OAIEE.Cifras/OAIEE.IRLoc CMN20CONT # "Total Narcóticos 2020" DOUBLE 8 NULLABLE false</Process><Process ToolSource="d:\instalacion_argis_2018\server\ArcToolbox\Toolboxes\Data Management Tools.tbx\AlterField" Date="20200420" Time="113808">AlterField D:/Geoprocesos/_Conexiones/oaiee@pdbarcgi.sde/OAIEE.Cifras/OAIEE.IRLoc CMNVAR # "Variación  Narcóticos 2019-2020 %" DOUBLE 8 NULLABLE false</Process><Process ToolSource="d:\instalacion_argis_2018\server\ArcToolbox\Toolboxes\Data Management Tools.tbx\AlterField" Date="20200420" Time="113809">AlterField D:/Geoprocesos/_Conexiones/oaiee@pdbarcgi.sde/OAIEE.Cifras/OAIEE.IRLoc CMNTOTAL # "Total Narcóticos 2020 Bogotá D.C." DOUBLE 8 NULLABLE false</Process><Process ToolSource="d:\instalacion_argis_2018\server\ArcToolbox\Toolboxes\Data Management Tools.tbx\AlterField" Date="20200420" Time="113809">AlterField D:/Geoprocesos/_Conexiones/oaiee@pdbarcgi.sde/OAIEE.Cifras/OAIEE.IRLoc CMAOP18CONT # "Total Alteración Orden Público 2018" DOUBLE 8 NULLABLE false</Process><Process ToolSource="d:\instalacion_argis_2018\server\ArcToolbox\Toolboxes\Data Management Tools.tbx\AlterField" Date="20200420" Time="113810">AlterField D:/Geoprocesos/_Conexiones/oaiee@pdbarcgi.sde/OAIEE.Cifras/OAIEE.IRLoc CMAOP19CONT # "Total Alteración Orden Público 2019" DOUBLE 8 NULLABLE false</Process><Process ToolSource="d:\instalacion_argis_2018\server\ArcToolbox\Toolboxes\Data Management Tools.tbx\AlterField" Date="20200420" Time="113811">AlterField D:/Geoprocesos/_Conexiones/oaiee@pdbarcgi.sde/OAIEE.Cifras/OAIEE.IRLoc CMAOP20CONT # "Total Alteración Orden Público 2020" DOUBLE 8 NULLABLE false</Process><Process ToolSource="d:\instalacion_argis_2018\server\ArcToolbox\Toolboxes\Data Management Tools.tbx\AlterField" Date="20200420" Time="113811">AlterField D:/Geoprocesos/_Conexiones/oaiee@pdbarcgi.sde/OAIEE.Cifras/OAIEE.IRLoc CMAOPVAR # "Variación  Alteración Orden Público 2019-2020 %" DOUBLE 8 NULLABLE false</Process><Process ToolSource="d:\instalacion_argis_2018\server\ArcToolbox\Toolboxes\Data Management Tools.tbx\AlterField" Date="20200420" Time="113812">AlterField D:/Geoprocesos/_Conexiones/oaiee@pdbarcgi.sde/OAIEE.Cifras/OAIEE.IRLoc CMAOPTOTAL # "Total Alteración Orden Público 2020 Bogotá D.C." DOUBLE 8 NULLABLE false</Process><Process ToolSource="d:\instalacion_argis_2018\server\ArcToolbox\Toolboxes\Data Management Tools.tbx\AlterField" Date="20200420" Time="113813">AlterField D:/Geoprocesos/_Conexiones/oaiee@pdbarcgi.sde/OAIEE.Cifras/OAIEE.IRLoc CMIULOCAL # "Código Localidad" TEXT 2 NULLABLE false</Process><Process ToolSource="d:\instalacion_argis_2018\server\ArcToolbox\Toolboxes\Data Management Tools.tbx\AlterField" Date="20200420" Time="113814">AlterField D:/Geoprocesos/_Conexiones/oaiee@pdbarcgi.sde/OAIEE.Cifras/OAIEE.IRLoc CMNOMLOCAL # "Nombre Localidad" TEXT 500 NULLABLE false</Process><Process ToolSource="d:\instalacion_argis_2018\server\ArcToolbox\Toolboxes\Data Management Tools.tbx\AlterField" Date="20200420" Time="113814">AlterField D:/Geoprocesos/_Conexiones/oaiee@pdbarcgi.sde/OAIEE.Cifras/OAIEE.IRLoc CMMES # Mes TEXT 7 NULLABLE false</Process><Process ToolSource="d:\instalacion_argis_2018\server\ArcToolbox\Toolboxes\Data Management Tools.tbx\AddField" Date="20200702" Time="122523">AddField D:/Geoprocesos/_Conexiones/oaiee@pdbarcgi.sde/OAIEE.Cifras/OAIEE.IRLoc CMMM18Cont DOUBLE 38 10 # "Total maltrato a mujer 2018" NULLABLE NON_REQUIRED #</Process><Process ToolSource="d:\instalacion_argis_2018\server\ArcToolbox\Toolboxes\Data Management Tools.tbx\AddField" Date="20200702" Time="122524">AddField D:/Geoprocesos/_Conexiones/oaiee@pdbarcgi.sde/OAIEE.Cifras/OAIEE.IRLoc CMMM19Cont DOUBLE 38 10 # "Total maltrato a mujer 2019" NULLABLE NON_REQUIRED #</Process><Process ToolSource="d:\instalacion_argis_2018\server\ArcToolbox\Toolboxes\Data Management Tools.tbx\AddField" Date="20200702" Time="122525">AddField D:/Geoprocesos/_Conexiones/oaiee@pdbarcgi.sde/OAIEE.Cifras/OAIEE.IRLoc CMMM20Cont DOUBLE 38 10 # "Total maltrato a mujer 2020" NULLABLE NON_REQUIRED #</Process><Process ToolSource="d:\instalacion_argis_2018\server\ArcToolbox\Toolboxes\Data Management Tools.tbx\AddField" Date="20200702" Time="122526">AddField D:/Geoprocesos/_Conexiones/oaiee@pdbarcgi.sde/OAIEE.Cifras/OAIEE.IRLoc CMMMVar DOUBLE 38 10 # "Variaci?n  maltrato a mujer 2019-2020 %" NULLABLE NON_REQUIRED #</Process><Process ToolSource="d:\instalacion_argis_2018\server\ArcToolbox\Toolboxes\Data Management Tools.tbx\AddField" Date="20200702" Time="122526">AddField D:/Geoprocesos/_Conexiones/oaiee@pdbarcgi.sde/OAIEE.Cifras/OAIEE.IRLoc CMMMTOTAL DOUBLE 38 10 # "Total maltrato a mujer 2020 Bogot? D.C." NULLABLE NON_REQUIRED #</Process><Process ToolSource="d:\instalacion_argis_2018\server\ArcToolbox\Toolboxes\Data Management Tools.tbx\AlterField" Date="20200702" Time="125744">AlterField D:/Geoprocesos/_Conexiones/oaiee@pdbarcgi.sde/OAIEE.Cifras/OAIEE.IRLoc CMMM18CONT # "Total maltrato a mujer 2018" DOUBLE 8 NULLABLE false</Process><Process ToolSource="d:\instalacion_argis_2018\server\ArcToolbox\Toolboxes\Data Management Tools.tbx\AlterField" Date="20200702" Time="125745">AlterField D:/Geoprocesos/_Conexiones/oaiee@pdbarcgi.sde/OAIEE.Cifras/OAIEE.IRLoc CMMM19CONT # "Total maltrato a mujer 2019" DOUBLE 8 NULLABLE false</Process><Process ToolSource="d:\instalacion_argis_2018\server\ArcToolbox\Toolboxes\Data Management Tools.tbx\AlterField" Date="20200702" Time="125746">AlterField D:/Geoprocesos/_Conexiones/oaiee@pdbarcgi.sde/OAIEE.Cifras/OAIEE.IRLoc CMMM20CONT # "Total maltrato a mujer 2020" DOUBLE 8 NULLABLE false</Process><Process ToolSource="d:\instalacion_argis_2018\server\ArcToolbox\Toolboxes\Data Management Tools.tbx\AlterField" Date="20200702" Time="125746">AlterField D:/Geoprocesos/_Conexiones/oaiee@pdbarcgi.sde/OAIEE.Cifras/OAIEE.IRLoc CMMMVAR # "Variaci?n  maltrato a mujer 2019-2020 %" DOUBLE 8 NULLABLE false</Process><Process ToolSource="d:\instalacion_argis_2018\server\ArcToolbox\Toolboxes\Data Management Tools.tbx\AlterField" Date="20200702" Time="125747">AlterField D:/Geoprocesos/_Conexiones/oaiee@pdbarcgi.sde/OAIEE.Cifras/OAIEE.IRLoc CMMMTOTAL # "Total maltrato a mujer 2020 Bogot? D.C." DOUBLE 8 NULLABLE false</Process><Process ToolSource="d:\instalacion_argis_2018\server\ArcToolbox\Toolboxes\Data Management Tools.tbx\AddField" Date="20210225" Time="141944">AddField D:/Geoprocesos/_Conexiones/oaiee@pdbarcgi.sde/OAIEE.Cifras/OAIEE.IRLOC CMR21Cont DOUBLE 38 10 # "Total Ri?as 2021" NULLABLE NON_REQUIRED #</Process><Process ToolSource="d:\instalacion_argis_2018\server\ArcToolbox\Toolboxes\Data Management Tools.tbx\AddField" Date="20210225" Time="141945">AddField D:/Geoprocesos/_Conexiones/oaiee@pdbarcgi.sde/OAIEE.Cifras/OAIEE.IRLOC CMN21Cont DOUBLE 38 10 # "Total Narc?ticos 2021" NULLABLE NON_REQUIRED #</Process><Process ToolSource="d:\instalacion_argis_2018\server\ArcToolbox\Toolboxes\Data Management Tools.tbx\AddField" Date="20210225" Time="141945">AddField D:/Geoprocesos/_Conexiones/oaiee@pdbarcgi.sde/OAIEE.Cifras/OAIEE.IRLOC CMAOP21Cont DOUBLE 38 10 # "Total Alteraci?n Orden P?blico 2021" NULLABLE NON_REQUIRED #</Process><Process ToolSource="d:\instalacion_argis_2018\server\ArcToolbox\Toolboxes\Data Management Tools.tbx\AddField" Date="20210225" Time="141946">AddField D:/Geoprocesos/_Conexiones/oaiee@pdbarcgi.sde/OAIEE.Cifras/OAIEE.IRLOC CMMM21Cont DOUBLE 38 10 # "Total maltrato a mujer 2021" NULLABLE NON_REQUIRED #</Process><Process ToolSource="d:\instalacion_argis_2018\server\ArcToolbox\Toolboxes\Data Management Tools.tbx\AlterField" Date="20210225" Time="144049">AlterField D:/Geoprocesos/_Conexiones/oaiee@pdbarcgi.sde/OAIEE.Cifras/OAIEE.IRLOC CMRVAR # "Variaci?n  Ri?as 2020-2021 %" DOUBLE 8 NULLABLE false</Process><Process ToolSource="d:\instalacion_argis_2018\server\ArcToolbox\Toolboxes\Data Management Tools.tbx\AlterField" Date="20210225" Time="144050">AlterField D:/Geoprocesos/_Conexiones/oaiee@pdbarcgi.sde/OAIEE.Cifras/OAIEE.IRLOC CMNVAR # "Variaci?n  Narc?ticos 2020-2021 %" DOUBLE 8 NULLABLE false</Process><Process ToolSource="d:\instalacion_argis_2018\server\ArcToolbox\Toolboxes\Data Management Tools.tbx\AlterField" Date="20210225" Time="144051">AlterField D:/Geoprocesos/_Conexiones/oaiee@pdbarcgi.sde/OAIEE.Cifras/OAIEE.IRLOC CMAOPVAR # "Variaci?n  Alteraci?n Orden P?blico 2020-2021 %" DOUBLE 8 NULLABLE false</Process><Process ToolSource="d:\instalacion_argis_2018\server\ArcToolbox\Toolboxes\Data Management Tools.tbx\AlterField" Date="20210225" Time="144830">AlterField D:/Geoprocesos/_Conexiones/oaiee@pdbarcgi.sde/OAIEE.Cifras/OAIEE.IRLOC CMRVAR # "Variaci?n  Ri?as 2020-2021 %" DOUBLE 8 NULLABLE false</Process><Process ToolSource="d:\instalacion_argis_2018\server\ArcToolbox\Toolboxes\Data Management Tools.tbx\AlterField" Date="20210225" Time="144830">AlterField D:/Geoprocesos/_Conexiones/oaiee@pdbarcgi.sde/OAIEE.Cifras/OAIEE.IRLOC CMNVAR # "Variaci?n  Narc?ticos 2020-2021 %" DOUBLE 8 NULLABLE false</Process><Process ToolSource="d:\instalacion_argis_2018\server\ArcToolbox\Toolboxes\Data Management Tools.tbx\AlterField" Date="20210225" Time="144831">AlterField D:/Geoprocesos/_Conexiones/oaiee@pdbarcgi.sde/OAIEE.Cifras/OAIEE.IRLOC CMAOPVAR # "Variaci?n  Alteraci?n Orden P?blico 2020-2021 %" DOUBLE 8 NULLABLE false</Process><Process ToolSource="d:\instalacion_argis_2018\server\ArcToolbox\Toolboxes\Data Management Tools.tbx\AlterField" Date="20210225" Time="144832">AlterField D:/Geoprocesos/_Conexiones/oaiee@pdbarcgi.sde/OAIEE.Cifras/OAIEE.IRLOC CMMMVAR # "Variaci?n  maltrato a mujer 2020-2021 %" DOUBLE 8 NULLABLE false</Process><Process ToolSource="d:\instalacion_argis_2018\server\ArcToolbox\Toolboxes\Data Management Tools.tbx\AlterField" Date="20210225" Time="151136">AlterField D:/Geoprocesos/_Conexiones/oaiee@pdbarcgi.sde/OAIEE.Cifras/OAIEE.IRLOC CMRVAR # "Variaci?n  Ri?as 2020-2021 %" DOUBLE 8 NULLABLE false</Process><Process ToolSource="d:\instalacion_argis_2018\server\ArcToolbox\Toolboxes\Data Management Tools.tbx\AlterField" Date="20210225" Time="151137">AlterField D:/Geoprocesos/_Conexiones/oaiee@pdbarcgi.sde/OAIEE.Cifras/OAIEE.IRLOC CMNVAR # "Variaci?n  Narc?ticos 2020-2021 %" DOUBLE 8 NULLABLE false</Process><Process ToolSource="d:\instalacion_argis_2018\server\ArcToolbox\Toolboxes\Data Management Tools.tbx\AlterField" Date="20210225" Time="151138">AlterField D:/Geoprocesos/_Conexiones/oaiee@pdbarcgi.sde/OAIEE.Cifras/OAIEE.IRLOC CMAOPVAR # "Variaci?n  Alteraci?n Orden P?blico 2020-2021 %" DOUBLE 8 NULLABLE false</Process><Process ToolSource="d:\instalacion_argis_2018\server\ArcToolbox\Toolboxes\Data Management Tools.tbx\AlterField" Date="20210225" Time="151139">AlterField D:/Geoprocesos/_Conexiones/oaiee@pdbarcgi.sde/OAIEE.Cifras/OAIEE.IRLOC CMMMVAR # "Variaci?n  maltrato a mujer 2020-2021 %" DOUBLE 8 NULLABLE false</Process><Process ToolSource="d:\instalacion_argis_2018\server\ArcToolbox\Toolboxes\Data Management Tools.tbx\AlterField" Date="20210225" Time="165013">AlterField D:/Geoprocesos/_Conexiones/oaiee@pdbarcgi.sde/OAIEE.Cifras/OAIEE.IRLOC CMRVAR # "Variación  Riñas 2020-2021 %" DOUBLE 8 NULLABLE false</Process><Process ToolSource="d:\instalacion_argis_2018\server\ArcToolbox\Toolboxes\Data Management Tools.tbx\AlterField" Date="20210225" Time="165014">AlterField D:/Geoprocesos/_Conexiones/oaiee@pdbarcgi.sde/OAIEE.Cifras/OAIEE.IRLOC CMNVAR # "Variación  Narcóticos 2020-2021 %" DOUBLE 8 NULLABLE false</Process><Process ToolSource="d:\instalacion_argis_2018\server\ArcToolbox\Toolboxes\Data Management Tools.tbx\AlterField" Date="20210225" Time="165015">AlterField D:/Geoprocesos/_Conexiones/oaiee@pdbarcgi.sde/OAIEE.Cifras/OAIEE.IRLOC CMAOPVAR # "Variación  Alteración Orden Público 2020-2021 %" DOUBLE 8 NULLABLE false</Process><Process ToolSource="d:\instalacion_argis_2018\server\ArcToolbox\Toolboxes\Data Management Tools.tbx\AlterField" Date="20210225" Time="165016">AlterField D:/Geoprocesos/_Conexiones/oaiee@pdbarcgi.sde/OAIEE.Cifras/OAIEE.IRLOC CMMMVAR # "Variación  maltrato a mujer 2020-2021 %" DOUBLE 8 NULLABLE false</Process><Process ToolSource="d:\instalacion_argis_2018\server\ArcToolbox\Toolboxes\Data Management Tools.tbx\AlterField" Date="20210225" Time="165017">AlterField D:/Geoprocesos/_Conexiones/oaiee@pdbarcgi.sde/OAIEE.Cifras/OAIEE.IRLOC CMRTOTAL # "Total Riñas 2021 Bogotá D.C." DOUBLE 8 NULLABLE false</Process><Process ToolSource="d:\instalacion_argis_2018\server\ArcToolbox\Toolboxes\Data Management Tools.tbx\AlterField" Date="20210225" Time="165018">AlterField D:/Geoprocesos/_Conexiones/oaiee@pdbarcgi.sde/OAIEE.Cifras/OAIEE.IRLOC CMNTOTAL # "Total Narcóticos 2021 Bogotá D.C." DOUBLE 8 NULLABLE false</Process><Process ToolSource="d:\instalacion_argis_2018\server\ArcToolbox\Toolboxes\Data Management Tools.tbx\AlterField" Date="20210225" Time="165019">AlterField D:/Geoprocesos/_Conexiones/oaiee@pdbarcgi.sde/OAIEE.Cifras/OAIEE.IRLOC CMAOPTOTAL # "Total Alteración Orden Público 2021 Bogotá D.C." DOUBLE 8 NULLABLE false</Process><Process ToolSource="d:\instalacion_argis_2018\server\ArcToolbox\Toolboxes\Data Management Tools.tbx\AlterField" Date="20210225" Time="165020">AlterField D:/Geoprocesos/_Conexiones/oaiee@pdbarcgi.sde/OAIEE.Cifras/OAIEE.IRLOC CMMMTOTAL # "Total maltrato a mujer 2021 Bogotá D.C." DOUBLE 8 NULLABLE false</Process><Process ToolSource="d:\instalacion_argis_2018\server\ArcToolbox\Toolboxes\Data Management Tools.tbx\AlterField" Date="20210225" Time="165020">AlterField D:/Geoprocesos/_Conexiones/oaiee@pdbarcgi.sde/OAIEE.Cifras/OAIEE.IRLOC CMR21CONT # "Total Riñas 2021" DOUBLE 8 NULLABLE false</Process><Process ToolSource="d:\instalacion_argis_2018\server\ArcToolbox\Toolboxes\Data Management Tools.tbx\AlterField" Date="20210225" Time="165021">AlterField D:/Geoprocesos/_Conexiones/oaiee@pdbarcgi.sde/OAIEE.Cifras/OAIEE.IRLOC CMN21CONT # "Total Narcóticos 2021" DOUBLE 8 NULLABLE false</Process><Process ToolSource="d:\instalacion_argis_2018\server\ArcToolbox\Toolboxes\Data Management Tools.tbx\AlterField" Date="20210225" Time="165022">AlterField D:/Geoprocesos/_Conexiones/oaiee@pdbarcgi.sde/OAIEE.Cifras/OAIEE.IRLOC CMAOP21CONT # "Total Alteración Orden Público 2021" DOUBLE 8 NULLABLE false</Process><Process ToolSource="d:\instalacion_argis_2018\server\ArcToolbox\Toolboxes\Data Management Tools.tbx\AlterField" Date="20210225" Time="165023">AlterField D:/Geoprocesos/_Conexiones/oaiee@pdbarcgi.sde/OAIEE.Cifras/OAIEE.IRLOC CMMM21CONT # "Total maltrato a mujer 2021" DOUBLE 8 NULLABLE false</Process><Process ToolSource="c:\program files (x86)\arcgis\desktop10.8\ArcToolbox\Toolboxes\Data Management Tools.tbx\AddField" Date="20220224" Time="200341">AddField D:/Fabian/AGS_Server_SCJ/Conexiones_SDE/Produccion_pdb00002/oaiee@pdbarcgi.sde/OAIEE.Cifras/OAIEE.IRLoc CMR22Cont DOUBLE 38 10 # "Total Riñas 2022 Bogotá D.C." NULLABLE NON_REQUIRED #</Process><Process ToolSource="c:\program files (x86)\arcgis\desktop10.8\ArcToolbox\Toolboxes\Data Management Tools.tbx\AddField" Date="20220224" Time="200728">AddField D:/Fabian/AGS_Server_SCJ/Conexiones_SDE/Produccion_pdb00002/oaiee@pdbarcgi.sde/OAIEE.Cifras/OAIEE.IRLoc CMN22Cont DOUBLE 38 10 # "Total Narcóticos 2022 Bogotá D.C." NULLABLE NON_REQUIRED #</Process><Process ToolSource="c:\program files (x86)\arcgis\desktop10.8\ArcToolbox\Toolboxes\Data Management Tools.tbx\AddField" Date="20220224" Time="201033">AddField D:/Fabian/AGS_Server_SCJ/Conexiones_SDE/Produccion_pdb00002/oaiee@pdbarcgi.sde/OAIEE.Cifras/OAIEE.IRLoc CMAOP22Cont DOUBLE 38 10 # "Total Alteración Orden Público 2022 Bogotá D.C." NULLABLE NON_REQUIRED #</Process><Process ToolSource="c:\program files (x86)\arcgis\desktop10.8\ArcToolbox\Toolboxes\Data Management Tools.tbx\AddField" Date="20220224" Time="201532">AddField D:/Fabian/AGS_Server_SCJ/Conexiones_SDE/Produccion_pdb00002/oaiee@pdbarcgi.sde/OAIEE.Cifras/OAIEE.IRLoc CMAOP22Cont DOUBLE 38 10 # "Total Alteración Orden Público 2022 Bogotá D.C." NULLABLE NON_REQUIRED #</Process><Process ToolSource="c:\program files (x86)\arcgis\desktop10.8\ArcToolbox\Toolboxes\Data Management Tools.tbx\AddField" Date="20220224" Time="201921">AddField D:/Fabian/AGS_Server_SCJ/Conexiones_SDE/Produccion_pdb00002/oaiee@pdbarcgi.sde/OAIEE.Cifras/OAIEE.IRLoc CMMM22Cont DOUBLE 38 10 # "Total maltrato a mujer 2022 Bogotá D.C." NULLABLE NON_REQUIRED #</Process><Process ToolSource="c:\program files (x86)\arcgis\desktop10.8\ArcToolbox\Toolboxes\Data Management Tools.tbx\AddField" Date="20230213" Time="100510">AddField D:\Fabian\AGS_Server_SCJ\Conexiones_SDE\Produccion_pdb00002\oaiee@pdbarcgi.sde\OAIEE.Cifras\OAIEE.IRLoc CMR23Cont DOUBLE 38 10 # "Total Llamadas por Riñas 2023" NULLABLE NON_REQUIRED #</Process><Process ToolSource="c:\program files (x86)\arcgis\desktop10.8\ArcToolbox\Toolboxes\Data Management Tools.tbx\AddField" Date="20230213" Time="100919">AddField D:\Fabian\AGS_Server_SCJ\Conexiones_SDE\Produccion_pdb00002\oaiee@pdbarcgi.sde\OAIEE.Cifras\OAIEE.IRLoc CMN23Cont DOUBLE 38 10 # "Total Llamadas por Narcóticos 2023" NULLABLE NON_REQUIRED #</Process><Process ToolSource="c:\program files (x86)\arcgis\desktop10.8\ArcToolbox\Toolboxes\Data Management Tools.tbx\AddField" Date="20230213" Time="101613">AddField D:\Fabian\AGS_Server_SCJ\Conexiones_SDE\Produccion_pdb00002\oaiee@pdbarcgi.sde\OAIEE.Cifras\OAIEE.IRLoc CMAOP23Cont DOUBLE 38 10 # "Total Llamadas por Alteración Orden Público 2023" NULLABLE NON_REQUIRED #</Process><Process ToolSource="c:\program files (x86)\arcgis\desktop10.8\ArcToolbox\Toolboxes\Data Management Tools.tbx\AddField" Date="20230213" Time="102020">AddField D:\Fabian\AGS_Server_SCJ\Conexiones_SDE\Produccion_pdb00002\oaiee@pdbarcgi.sde\OAIEE.Cifras\OAIEE.IRLoc CMMM23Cont DOUBLE 38 10 # "Total Llamadas por Maltrato a mujer 2023" NULLABLE NON_REQUIRED #</Process><Process ToolSource="c:\program files (x86)\arcgis\desktop10.8\ArcToolbox\Toolboxes\Data Management Tools.tbx\AddField" Date="20230213" Time="130341">AddField D:\Fabian\AGS_Server_SCJ\Conexiones_SDE\Produccion_pdb00002\oaiee@pdbarcgi.sde\OAIEE.Cifras\OAIEE.IRLoc CMM18Cont DOUBLE 38 10 # "Total Llamadas por Maltrato 2018" NULLABLE NON_REQUIRED #</Process><Process ToolSource="c:\program files (x86)\arcgis\desktop10.8\ArcToolbox\Toolboxes\Data Management Tools.tbx\AddField" Date="20230213" Time="134210">AddField D:\Fabian\AGS_Server_SCJ\Conexiones_SDE\Produccion_pdb00002\oaiee@pdbarcgi.sde\OAIEE.Cifras\OAIEE.IRLoc CMM18Cont DOUBLE 38 10 # "Total Llamadas por Maltrato 2018" NULLABLE NON_REQUIRED #</Process><Process ToolSource="c:\program files (x86)\arcgis\desktop10.8\ArcToolbox\Toolboxes\Data Management Tools.tbx\AddField" Date="20230213" Time="140212">AddField D:\Fabian\AGS_Server_SCJ\Conexiones_SDE\Produccion_pdb00002\oaiee@pdbarcgi.sde\OAIEE.Cifras\OAIEE.IRLoc CMM19Cont DOUBLE 39 11 # "Total Llamadas por Maltrato 2019" NULLABLE NON_REQUIRED #</Process><Process ToolSource="c:\program files (x86)\arcgis\desktop10.8\ArcToolbox\Toolboxes\Data Management Tools.tbx\AddField" Date="20230213" Time="140751">AddField D:\Fabian\AGS_Server_SCJ\Conexiones_SDE\Produccion_pdb00002\oaiee@pdbarcgi.sde\OAIEE.Cifras\OAIEE.IRLoc CMM19Cont DOUBLE 38 10 # "Total Llamadas por Maltrato 2019" NULLABLE NON_REQUIRED #</Process><Process ToolSource="c:\program files (x86)\arcgis\desktop10.8\ArcToolbox\Toolboxes\Data Management Tools.tbx\AddField" Date="20230213" Time="142800">AddField D:\Fabian\AGS_Server_SCJ\Conexiones_SDE\Produccion_pdb00002\oaiee@pdbarcgi.sde\OAIEE.Cifras\OAIEE.IRLoc CMM20Cont DOUBLE 38 10 # "Total Llamadas por Maltrato 2020" NULLABLE NON_REQUIRED #</Process><Process ToolSource="c:\program files (x86)\arcgis\desktop10.8\ArcToolbox\Toolboxes\Data Management Tools.tbx\AddField" Date="20230213" Time="144750">AddField D:\Fabian\AGS_Server_SCJ\Conexiones_SDE\Produccion_pdb00002\oaiee@pdbarcgi.sde\OAIEE.Cifras\OAIEE.IRLoc CMM21Cont DOUBLE 38 10 # "Total Llamadas por Maltrato 2021" NULLABLE NON_REQUIRED #</Process><Process ToolSource="c:\program files (x86)\arcgis\desktop10.8\ArcToolbox\Toolboxes\Data Management Tools.tbx\AddField" Date="20230213" Time="150409">AddField D:\Fabian\AGS_Server_SCJ\Conexiones_SDE\Produccion_pdb00002\oaiee@pdbarcgi.sde\OAIEE.Cifras\OAIEE.IRLoc CMM22Cont DOUBLE 38 10 # "Total Llamadas por Maltrato 2022" NULLABLE NON_REQUIRED #</Process><Process ToolSource="c:\program files (x86)\arcgis\desktop10.8\ArcToolbox\Toolboxes\Data Management Tools.tbx\AddField" Date="20230213" Time="152336">AddField D:\Fabian\AGS_Server_SCJ\Conexiones_SDE\Produccion_pdb00002\oaiee@pdbarcgi.sde\OAIEE.Cifras\OAIEE.IRLoc CMM23Cont DOUBLE 38 10 # "Total Llamadas por Maltrato 2023" NULLABLE NON_REQUIRED #</Process><Process ToolSource="c:\program files (x86)\arcgis\desktop10.8\ArcToolbox\Toolboxes\Data Management Tools.tbx\AddField" Date="20230213" Time="154823">AddField D:\Fabian\AGS_Server_SCJ\Conexiones_SDE\Produccion_pdb00002\oaiee@pdbarcgi.sde\OAIEE.Cifras\OAIEE.IRLoc CMMVar DOUBLE 38 10 # "Variación Llamadas por Maltrato %" NULLABLE NON_REQUIRED #</Process><Process ToolSource="c:\program files (x86)\arcgis\desktop10.8\ArcToolbox\Toolboxes\Data Management Tools.tbx\AddField" Date="20230213" Time="160323">AddField D:\Fabian\AGS_Server_SCJ\Conexiones_SDE\Produccion_pdb00002\oaiee@pdbarcgi.sde\OAIEE.Cifras\OAIEE.IRLoc CMMTOTAL DOUBLE 38 10 # "Total Maltrato Año Actual Bogotá D.C." NULLABLE NON_REQUIRED #</Process><Process ToolSource="c:\program files\arcgis\pro\Resources\ArcToolbox\toolboxes\Data Management Tools.tbx\Append" Date="20230214" Time="155417">Append IRLoc C:\Users\oscar.aguirre\Documents\ArcGIS\Projects\MyProject\oaiee.sde\OAIEE.Cifras\OAIEE.IRLoc "Use the field map to reconcile field differences" "CMIULOCAL "Código Localidad" true true false 2 Text 0 0,First,#,\\172.21.22.8\Geoprocesos\Queryslayersfiles\Ene2023\EneDic22\IncidenteReportado\IR_SHP\IRLoc.shp,CMIULOCAL,0,2;CMNOMLOCAL "Nombre Localidad" true true false 500 Text 0 0,First,#,\\172.21.22.8\Geoprocesos\Queryslayersfiles\Ene2023\EneDic22\IncidenteReportado\IR_SHP\IRLoc.shp,CMNOMLOCAL,0,254;CMMES "Mes" true true false 7 Text 0 0,First,#,\\172.21.22.8\Geoprocesos\Queryslayersfiles\Ene2023\EneDic22\IncidenteReportado\IR_SHP\IRLoc.shp,CMMES,0,7;CMR18CONT "Total Llamadas por Riñas 2018" true true false 8 Double 10 38,First,#,\\172.21.22.8\Geoprocesos\Queryslayersfiles\Ene2023\EneDic22\IncidenteReportado\IR_SHP\IRLoc.shp,CMR18CONT,-1,-1;CMR19CONT "Total Llamadas por Riñas 2019" true true false 8 Double 10 38,First,#,\\172.21.22.8\Geoprocesos\Queryslayersfiles\Ene2023\EneDic22\IncidenteReportado\IR_SHP\IRLoc.shp,CMR19CONT,-1,-1;CMR20CONT "Total Llamadas por Riñas 2020" true true false 8 Double 10 38,First,#,\\172.21.22.8\Geoprocesos\Queryslayersfiles\Ene2023\EneDic22\IncidenteReportado\IR_SHP\IRLoc.shp,CMR20CONT,-1,-1;CMRVAR "Variación Llamadas por Riñas %" true true false 8 Double 10 38,First,#,\\172.21.22.8\Geoprocesos\Queryslayersfiles\Ene2023\EneDic22\IncidenteReportado\IR_SHP\IRLoc.shp,CMRVAR,-1,-1;CMRTOTAL "Total Llamadas por Riñas Año Actual Bogotá D.C." true true false 8 Double 10 38,First,#,\\172.21.22.8\Geoprocesos\Queryslayersfiles\Ene2023\EneDic22\IncidenteReportado\IR_SHP\IRLoc.shp,CMRTOTAL,-1,-1;CMN18CONT "Total Llamadas por Narcóticos 2018" true true false 8 Double 10 38,First,#,\\172.21.22.8\Geoprocesos\Queryslayersfiles\Ene2023\EneDic22\IncidenteReportado\IR_SHP\IRLoc.shp,CMN18CONT,-1,-1;CMN19CONT "Total Llamadas por Narcóticos 2019" true true false 8 Double 10 38,First,#,\\172.21.22.8\Geoprocesos\Queryslayersfiles\Ene2023\EneDic22\IncidenteReportado\IR_SHP\IRLoc.shp,CMN19CONT,-1,-1;CMN20CONT "Total Llamadas por Narcóticos 2020" true true false 8 Double 10 38,First,#,\\172.21.22.8\Geoprocesos\Queryslayersfiles\Ene2023\EneDic22\IncidenteReportado\IR_SHP\IRLoc.shp,CMN20CONT,-1,-1;CMNVAR "Variación Llamadas por Narcóticos %" true true false 8 Double 10 38,First,#,\\172.21.22.8\Geoprocesos\Queryslayersfiles\Ene2023\EneDic22\IncidenteReportado\IR_SHP\IRLoc.shp,CMNVAR,-1,-1;CMNTOTAL "Total Llamadas por Narcóticos Año Actual Bogotá D.C." true true false 8 Double 10 38,First,#,\\172.21.22.8\Geoprocesos\Queryslayersfiles\Ene2023\EneDic22\IncidenteReportado\IR_SHP\IRLoc.shp,CMNTOTAL,-1,-1;CMAOP18CONT "Total Llamadas por Alteración Orden Público 2018" true true false 8 Double 10 38,First,#;CMAOP19CONT "Total Llamadas por Alteración Orden Público 2019" true true false 8 Double 10 38,First,#;CMAOP20CONT "Total Llamadas por Alteración Orden Público 2020" true true false 8 Double 10 38,First,#;CMAOPVAR "Variación Llamadas por Alteración Orden Público %" true true false 8 Double 10 38,First,#,\\172.21.22.8\Geoprocesos\Queryslayersfiles\Ene2023\EneDic22\IncidenteReportado\IR_SHP\IRLoc.shp,CMAOPVAR,-1,-1;CMAOPTOTAL "Total Llamadas por Alteración Orden Público Año Actual Bogotá D.C." true true false 8 Double 10 38,First,#,\\172.21.22.8\Geoprocesos\Queryslayersfiles\Ene2023\EneDic22\IncidenteReportado\IR_SHP\IRLoc.shp,CMAOPTOTAL,-1,-1;CMMM18CONT "Total Llamadas por Maltrato a mujer 2018" true true false 8 Double 10 38,First,#,\\172.21.22.8\Geoprocesos\Queryslayersfiles\Ene2023\EneDic22\IncidenteReportado\IR_SHP\IRLoc.shp,CMMM18CONT,-1,-1;CMMM19CONT "Total Llamadas por Maltrato a mujer 2019" true true false 8 Double 10 38,First,#,\\172.21.22.8\Geoprocesos\Queryslayersfiles\Ene2023\EneDic22\IncidenteReportado\IR_SHP\IRLoc.shp,CMMM19CONT,-1,-1;CMMM20CONT "Total Llamadas por Maltrato a mujer 2020" true true false 8 Double 10 38,First,#,\\172.21.22.8\Geoprocesos\Queryslayersfiles\Ene2023\EneDic22\IncidenteReportado\IR_SHP\IRLoc.shp,CMMM20CONT,-1,-1;CMMMVAR "Variación Llamadas por Maltrato a mujer %" true true false 8 Double 10 38,First,#,\\172.21.22.8\Geoprocesos\Queryslayersfiles\Ene2023\EneDic22\IncidenteReportado\IR_SHP\IRLoc.shp,CMMMVAR,-1,-1;CMMMTOTAL "Total Llamadas por Maltrato a mujer Año Actual Bogotá D.C." true true false 8 Double 10 38,First,#,\\172.21.22.8\Geoprocesos\Queryslayersfiles\Ene2023\EneDic22\IncidenteReportado\IR_SHP\IRLoc.shp,CMMMTOTAL,-1,-1;CMR21CONT "Total Llamadas por Riñas 2021" true true false 8 Double 10 38,First,#,\\172.21.22.8\Geoprocesos\Queryslayersfiles\Ene2023\EneDic22\IncidenteReportado\IR_SHP\IRLoc.shp,CMR21CONT,-1,-1;CMN21CONT "Total Llamadas por Narcóticos 2021" true true false 8 Double 10 38,First,#,\\172.21.22.8\Geoprocesos\Queryslayersfiles\Ene2023\EneDic22\IncidenteReportado\IR_SHP\IRLoc.shp,CMN21CONT,-1,-1;CMAOP21CONT "Total Llamadas por Alteración Orden Público 2021" true true false 8 Double 10 38,First,#;CMMM21CONT "Total Llamadas por Maltrato a mujer 2021" true true false 8 Double 10 38,First,#,\\172.21.22.8\Geoprocesos\Queryslayersfiles\Ene2023\EneDic22\IncidenteReportado\IR_SHP\IRLoc.shp,CMMM21CONT,-1,-1;CMR22CONT "Total Llamadas por Riñas 2022" true true false 8 Double 10 38,First,#,\\172.21.22.8\Geoprocesos\Queryslayersfiles\Ene2023\EneDic22\IncidenteReportado\IR_SHP\IRLoc.shp,CMR22CONT,-1,-1;CMN22CONT "Total Llamadas por Narcóticos 2022" true true false 8 Double 10 38,First,#,\\172.21.22.8\Geoprocesos\Queryslayersfiles\Ene2023\EneDic22\IncidenteReportado\IR_SHP\IRLoc.shp,CMN22CONT,-1,-1;CMAOP22CONT "Total Llamadas por Alteración Orden Público 2022" true true false 8 Double 10 38,First,#;CMMM22CONT "Total Llamadas por altrato a mujer 2022" true true false 8 Double 10 38,First,#,\\172.21.22.8\Geoprocesos\Queryslayersfiles\Ene2023\EneDic22\IncidenteReportado\IR_SHP\IRLoc.shp,CMMM22CONT,-1,-1;CMR23CONT "Total Llamadas por Riñas 2023" true true false 8 Double 10 38,First,#;CMN23CONT "Total Llamadas por Narcóticos 2023" true true false 8 Double 10 38,First,#;CMAOP23CONT "Total Llamadas por Alteración Orden Público 2023" true true false 8 Double 10 38,First,#;CMMM23CONT "Total Llamadas por Maltrato a mujer 2023" true true false 8 Double 10 38,First,#;CMM18CONT "Total Llamadas por Maltrato 2018" true true false 8 Double 10 38,First,#;CMM19CONT "Total Llamadas por Maltrato 2019" true true false 8 Double 10 38,First,#;CMM20CONT "Total Llamadas por Maltrato 2020" true true false 8 Double 10 38,First,#;CMM21CONT "Total Llamadas por Maltrato 2021" true true false 8 Double 10 38,First,#;CMM22CONT "Total Llamadas por Maltrato 2022" true true false 8 Double 10 38,First,#;CMM23CONT "Total Llamadas por Maltrato 2023" true true false 8 Double 10 38,First,#;CMMVAR "Variación Llamadas por Maltrato %" true true false 8 Double 10 38,First,#;CMMTOTAL "Total Maltrato Año Actual Bogotá D.C." true true false 8 Double 10 38,First,#" # #</Process><Process ToolSource="d:\instalacion_argis_2018\server\ArcToolbox\Toolboxes\Data Management Tools.tbx\AddField" Date="20240213" Time="173519">AddField D:\Geoprocesos\_Conexiones\oaiee@pdbarcgi.sde\OAIEE.Cifras\OAIEE.IRLoc CMR24Cont DOUBLE 38 10 # "Total Llamadas por Ri?as 2024" NULLABLE NON_REQUIRED #</Process><Process ToolSource="d:\instalacion_argis_2018\server\ArcToolbox\Toolboxes\Data Management Tools.tbx\AddField" Date="20240213" Time="173520">AddField D:\Geoprocesos\_Conexiones\oaiee@pdbarcgi.sde\OAIEE.Cifras\OAIEE.IRLoc CMN24Cont DOUBLE 38 10 # "Total Llamadas por Narc?ticos 2024" NULLABLE NON_REQUIRED #</Process><Process ToolSource="d:\instalacion_argis_2018\server\ArcToolbox\Toolboxes\Data Management Tools.tbx\AddField" Date="20240213" Time="173521">AddField D:\Geoprocesos\_Conexiones\oaiee@pdbarcgi.sde\OAIEE.Cifras\OAIEE.IRLoc CMAOP24Cont DOUBLE 38 10 # "Total Llamadas por Alteraci?n Orden P?blico 2024" NULLABLE NON_REQUIRED #</Process><Process ToolSource="d:\instalacion_argis_2018\server\ArcToolbox\Toolboxes\Data Management Tools.tbx\AddField" Date="20240213" Time="173522">AddField D:\Geoprocesos\_Conexiones\oaiee@pdbarcgi.sde\OAIEE.Cifras\OAIEE.IRLoc CMMM24Cont DOUBLE 38 10 # "Total Llamadas por Maltrato a mujer 2024" NULLABLE NON_REQUIRED #</Process><Process ToolSource="c:\program files\arcgis\pro\Resources\ArcToolbox\Toolboxes\Data Management Tools.tbx\UpdateSchema" Date="20240213" Time="175122">UpdateSchema "CIMDATA=&lt;CIMFeatureDatasetDataConnection xsi:type='typens:CIMFeatureDatasetDataConnection' xmlns:xsi='http://www.w3.org/2001/XMLSchema-instance' xmlns:xs='http://www.w3.org/2001/XMLSchema' xmlns:typens='http://www.esri.com/schemas/ArcGIS/3.1.0'&gt;&lt;FeatureDataset&gt;OAIEE.Cifras&lt;/FeatureDataset&gt;&lt;WorkspaceConnectionString&gt;ENCRYPTED_PASSWORD_UTF8=00022e6832443457437876645677704f3134484b4f524449347a37316c7657657068397641324956624b746b512f633d2a00;ENCRYPTED_PASSWORD=00022e685a544d3878772b6843364d72672b576e78514d6241766a3373557845305a6c64614c515a306438365a69673d2a00;SERVER=ARGIS_PROD;INSTANCE=sde:oracle11g:ARGIS_PROD;DBCLIENT=oracle;DB_CONNECTION_PROPERTIES=ARGIS_PROD;PROJECT_INSTANCE=sde;USER=oaiee;VERSION=SDE.DEFAULT;AUTHENTICATION_MODE=DBMS&lt;/WorkspaceConnectionString&gt;&lt;WorkspaceFactory&gt;SDE&lt;/WorkspaceFactory&gt;&lt;Dataset&gt;OAIEE.IRLoc&lt;/Dataset&gt;&lt;DatasetType&gt;esriDTFeatureClass&lt;/DatasetType&gt;&lt;/CIMFeatureDatasetDataConnection&gt;" "&lt;operationSequence&gt;&lt;workflow&gt;&lt;AlterField&gt;&lt;field_name&gt;CMR24CONT&lt;/field_name&gt;&lt;field_alias&gt;Total Llamadas por Riñas 2024&lt;/field_alias&gt;&lt;field_is_nullable&gt;True&lt;/field_is_nullable&gt;&lt;clear_field_alias&gt;False&lt;/clear_field_alias&gt;&lt;/AlterField&gt;&lt;/workflow&gt;&lt;workflow&gt;&lt;AlterField&gt;&lt;field_name&gt;CMN24CONT&lt;/field_name&gt;&lt;field_alias&gt;Total Llamadas por Narcóticos 2024&lt;/field_alias&gt;&lt;field_is_nullable&gt;True&lt;/field_is_nullable&gt;&lt;clear_field_alias&gt;False&lt;/clear_field_alias&gt;&lt;/AlterField&gt;&lt;/workflow&gt;&lt;workflow&gt;&lt;AlterField&gt;&lt;field_name&gt;CMAOP24CONT&lt;/field_name&gt;&lt;field_alias&gt;Total Llamadas por Alteración Orden Público 2024&lt;/field_alias&gt;&lt;field_is_nullable&gt;True&lt;/field_is_nullable&gt;&lt;clear_field_alias&gt;False&lt;/clear_field_alias&gt;&lt;/AlterField&gt;&lt;/workflow&gt;&lt;/operationSequence&gt;"</Process><Process ToolSource="d:\instalacion_argis_2018\server\ArcToolbox\Toolboxes\Data Management Tools.tbx\AddField" Date="20240213" Time="180054">AddField D:\Geoprocesos\_Conexiones\oaiee@pdbarcgi.sde\OAIEE.Cifras\OAIEE.IRLoc CMM24Cont DOUBLE 38 10 # "Total Llamadas por Maltrato 2024" NULLABLE NON_REQUIRED #</Process><Process ToolSource="c:\program files\arcgis\pro\Resources\ArcToolbox\Toolboxes\Data Management Tools.tbx\UpdateSchema" Date="20240611" Time="135529">UpdateSchema "CIMDATA=&lt;CIMFeatureDatasetDataConnection xsi:type='typens:CIMFeatureDatasetDataConnection' xmlns:xsi='http://www.w3.org/2001/XMLSchema-instance' xmlns:xs='http://www.w3.org/2001/XMLSchema' xmlns:typens='http://www.esri.com/schemas/ArcGIS/3.1.0'&gt;&lt;FeatureDataset&gt;OAIEE.Cifras&lt;/FeatureDataset&gt;&lt;WorkspaceConnectionString&gt;ENCRYPTED_PASSWORD_UTF8=00022e6832443457437876645677704f3134484b4f524449347a37316c7657657068397641324956624b746b512f633d2a00;ENCRYPTED_PASSWORD=00022e686b454b5a4f792b366a323958685732576d343152394e5770512f76374a754a687a525069763973495562413d2a00;SERVER=ARGIS_PROD;INSTANCE=sde:oracle11g:ARGIS_PROD;DBCLIENT=oracle;DB_CONNECTION_PROPERTIES=ARGIS_PROD;PROJECT_INSTANCE=sde;USER=oaiee;VERSION=SDE.DEFAULT;AUTHENTICATION_MODE=DBMS&lt;/WorkspaceConnectionString&gt;&lt;WorkspaceFactory&gt;SDE&lt;/WorkspaceFactory&gt;&lt;Dataset&gt;OAIEE.IRLoc&lt;/Dataset&gt;&lt;DatasetType&gt;esriDTFeatureClass&lt;/DatasetType&gt;&lt;/CIMFeatureDatasetDataConnection&gt;" &lt;operationSequence&gt;&lt;workflow&gt;&lt;AlterField&gt;&lt;field_name&gt;CMMES&lt;/field_name&gt;&lt;field_type&gt;TEXT&lt;/field_type&gt;&lt;field_length&gt;50&lt;/field_length&gt;&lt;field_is_nullable&gt;True&lt;/field_is_nullable&gt;&lt;clear_field_alias&gt;False&lt;/clear_field_alias&gt;&lt;/AlterField&gt;&lt;/workflow&gt;&lt;/operationSequence&gt;</Process><Process ToolSource="d:\instalacion_argis_2018\server\ArcToolbox\Toolboxes\Data Management Tools.tbx\CopyFeatures" Date="20250120" Time="132541">CopyFeatures IRLoc D:\Geoprocesos\Queryslayersfiles\Ene2025\EneDic24\IncidenteReportado\SHP\IRLoc.shp # 0 0 0</Process></lineage><itemProps><itemName Sync="TRUE">IRLoc</itemName><imsContentType Sync="TRUE">002</imsContentType><itemSize Sync="TRUE">0.000</itemSize><itemLocation><linkage Sync="TRUE">file://\\SRV-03-13-055\Geoprocesos\Queryslayersfiles\Ene2025\EneDic24\IncidenteReportado\SHP\IRLoc.shp</linkage><protocol Sync="TRUE">Local Area Network</protocol></itemLocation></itemProps><coordRef><type Sync="TRUE">Geographic</type><geogcsn Sync="TRUE">GCS_MAGNA</geogcsn><csUnits Sync="TRUE">Angular Unit: Degree (0.017453)</csUnits><peXml Sync="TRUE">&lt;GeographicCoordinateSystem xsi:type='typens:GeographicCoordinateSystem' xmlns:xsi='http://www.w3.org/2001/XMLSchema-instance' xmlns:xs='http://www.w3.org/2001/XMLSchema' xmlns:typens='http://www.esri.com/schemas/ArcGIS/10.8'&gt;&lt;WKT&gt;GEOGCS[&amp;quot;GCS_MAGNA&amp;quot;,DATUM[&amp;quot;D_MAGNA&amp;quot;,SPHEROID[&amp;quot;GRS_1980&amp;quot;,6378137.0,298.257222101]],PRIMEM[&amp;quot;Greenwich&amp;quot;,0.0],UNIT[&amp;quot;Degree&amp;quot;,0.0174532925199433],AUTHORITY[&amp;quot;EPSG&amp;quot;,4686]]&lt;/WKT&gt;&lt;XOrigin&gt;-400&lt;/XOrigin&gt;&lt;YOrigin&gt;-400&lt;/YOrigin&gt;&lt;XYScale&gt;11258999068426.238&lt;/XYScale&gt;&lt;ZOrigin&gt;-100000&lt;/ZOrigin&gt;&lt;ZScale&gt;10000&lt;/ZScale&gt;&lt;MOrigin&gt;-100000&lt;/MOrigin&gt;&lt;MScale&gt;10000&lt;/MScale&gt;&lt;XYTolerance&gt;8.983152841195215e-09&lt;/XYTolerance&gt;&lt;ZTolerance&gt;0.001&lt;/ZTolerance&gt;&lt;MTolerance&gt;0.001&lt;/MTolerance&gt;&lt;HighPrecision&gt;true&lt;/HighPrecision&gt;&lt;LeftLongitude&gt;-180&lt;/LeftLongitude&gt;&lt;WKID&gt;4686&lt;/WKID&gt;&lt;LatestWKID&gt;4686&lt;/LatestWKID&gt;&lt;/GeographicCoordinateSystem&gt;</peXml></coordRef></DataProperties><SyncDate>20250120</SyncDate><SyncTime>13254100</SyncTime><ModDate>20250120</ModDate><ModTime>13254100</ModTime></Esri><dataIdInfo><envirDesc Sync="TRUE"> Version 6.2 (Build 9200) ; Esri ArcGIS 10.9.1.28388</envirDesc><dataLang><languageCode value="eng" Sync="TRUE"></languageCode><countryCode value="USA" Sync="TRUE"></countryCode></dataLang><idCitation><resTitle Sync="TRUE">IRLoc</resTitle><presForm><PresFormCd value="005" Sync="TRUE"></PresFormCd></presForm></idCitation><spatRpType><SpatRepTypCd value="001" Sync="TRUE"></SpatRepTypCd></spatRpType></dataIdInfo><mdLang><languageCode value="eng" Sync="TRUE"></languageCode><countryCode value="USA" Sync="TRUE"></countryCode></mdLang><distInfo><distFormat><formatName Sync="TRUE">Shapefile</formatName></distFormat><distTranOps><transSize Sync="TRUE">0.000</transSize></distTranOps></distInfo><mdHrLv><ScopeCd value="005" Sync="TRUE"></ScopeCd></mdHrLv><mdHrLvName Sync="TRUE">dataset</mdHrLvName><refSysInfo><RefSystem><refSysID><identCode code="4686" Sync="TRUE"></identCode><idCodeSpace Sync="TRUE">EPSG</idCodeSpace><idVersion Sync="TRUE">6.14(9.2.0)</idVersion></refSysID></RefSystem></refSysInfo><spatRepInfo><VectSpatRep><geometObjs Name="IRLoc"><geoObjTyp><GeoObjTypCd value="002" Sync="TRUE"></GeoObjTypCd></geoObjTyp><geoObjCnt Sync="TRUE">0</geoObjCnt></geometObjs><topLvl><TopoLevCd value="001" Sync="TRUE"></TopoLevCd></topLvl></VectSpatRep></spatRepInfo><spdoinfo><ptvctinf><esriterm Name="IRLoc"><efeatyp Sync="TRUE">Simple</efeatyp><efeageom code="4" Sync="TRUE"></efeageom><esritopo Sync="TRUE">FALSE</esritopo><efeacnt Sync="TRUE">0</efeacnt><spindex Sync="TRUE">FALSE</spindex><linrefer Sync="TRUE">FALSE</linrefer></esriterm></ptvctinf></spdoinfo><eainfo><detailed Name="IRLoc"><enttyp><enttypl Sync="TRUE">IRLoc</enttypl><enttypt Sync="TRUE">Feature Class</enttypt><enttypc Sync="TRUE">0</enttypc></enttyp><attr><attrlabl Sync="TRUE">FID</attrlabl><attalias Sync="TRUE">FID</attalias><attrtype Sync="TRUE">OID</attrtype><attwidth Sync="TRUE">4</attwidth><atprecis Sync="TRUE">0</atprecis><attscale Sync="TRUE">0</attscale><attrdef Sync="TRUE">Internal feature number.</attrdef><attrdefs Sync="TRUE">Esri</attrdefs><attrdomv><udom Sync="TRUE">Sequential unique whole numbers that are automatically generated.</udom></attrdomv></attr><attr><attrlabl Sync="TRUE">Shape</attrlabl><attalias Sync="TRUE">Shape</attalias><attrtype Sync="TRUE">Geometry</attrtype><attwidth Sync="TRUE">0</attwidth><atprecis Sync="TRUE">0</atprecis><attscale Sync="TRUE">0</attscale><attrdef Sync="TRUE">Feature geometry.</attrdef><attrdefs Sync="TRUE">Esri</attrdefs><attrdomv><udom Sync="TRUE">Coordinates defining the features.</udom></attrdomv></attr><attr><attrlabl Sync="TRUE">CMIULOCAL</attrlabl><attalias Sync="TRUE">CMIULOCAL</attalias><attrtype Sync="TRUE">String</attrtype><attwidth Sync="TRUE">2</attwidth><atprecis Sync="TRUE">0</atprecis><attscale Sync="TRUE">0</attscale></attr><attr><attrlabl Sync="TRUE">CMNOMLOCAL</attrlabl><attalias Sync="TRUE">CMNOMLOCAL</attalias><attrtype Sync="TRUE">String</attrtype><attwidth Sync="TRUE">254</attwidth><atprecis Sync="TRUE">0</atprecis><attscale Sync="TRUE">0</attscale></attr><attr><attrlabl Sync="TRUE">CMMES</attrlabl><attalias Sync="TRUE">CMMES</attalias><attrtype Sync="TRUE">String</attrtype><attwidth Sync="TRUE">50</attwidth><atprecis Sync="TRUE">0</atprecis><attscale Sync="TRUE">0</attscale></attr><attr><attrlabl Sync="TRUE">CMR18CONT</attrlabl><attalias Sync="TRUE">CMR18CONT</attalias><attrtype Sync="TRUE">Double</attrtype><attwidth Sync="TRUE">19</attwidth><atprecis Sync="TRUE">18</atprecis><attscale Sync="TRUE">10</attscale></attr><attr><attrlabl Sync="TRUE">CMR19CONT</attrlabl><attalias Sync="TRUE">CMR19CONT</attalias><attrtype Sync="TRUE">Double</attrtype><attwidth Sync="TRUE">19</attwidth><atprecis Sync="TRUE">18</atprecis><attscale Sync="TRUE">10</attscale></attr><attr><attrlabl Sync="TRUE">CMR20CONT</attrlabl><attalias Sync="TRUE">CMR20CONT</attalias><attrtype Sync="TRUE">Double</attrtype><attwidth Sync="TRUE">19</attwidth><atprecis Sync="TRUE">18</atprecis><attscale Sync="TRUE">10</attscale></attr><attr><attrlabl Sync="TRUE">CMRVAR</attrlabl><attalias Sync="TRUE">CMRVAR</attalias><attrtype Sync="TRUE">Double</attrtype><attwidth Sync="TRUE">19</attwidth><atprecis Sync="TRUE">18</atprecis><attscale Sync="TRUE">10</attscale></attr><attr><attrlabl Sync="TRUE">CMRTOTAL</attrlabl><attalias Sync="TRUE">CMRTOTAL</attalias><attrtype Sync="TRUE">Double</attrtype><attwidth Sync="TRUE">19</attwidth><atprecis Sync="TRUE">18</atprecis><attscale Sync="TRUE">10</attscale></attr><attr><attrlabl Sync="TRUE">CMN18CONT</attrlabl><attalias Sync="TRUE">CMN18CONT</attalias><attrtype Sync="TRUE">Double</attrtype><attwidth Sync="TRUE">19</attwidth><atprecis Sync="TRUE">18</atprecis><attscale Sync="TRUE">10</attscale></attr><attr><attrlabl Sync="TRUE">CMN19CONT</attrlabl><attalias Sync="TRUE">CMN19CONT</attalias><attrtype Sync="TRUE">Double</attrtype><attwidth Sync="TRUE">19</attwidth><atprecis Sync="TRUE">18</atprecis><attscale Sync="TRUE">10</attscale></attr><attr><attrlabl Sync="TRUE">CMN20CONT</attrlabl><attalias Sync="TRUE">CMN20CONT</attalias><attrtype Sync="TRUE">Double</attrtype><attwidth Sync="TRUE">19</attwidth><atprecis Sync="TRUE">18</atprecis><attscale Sync="TRUE">10</attscale></attr><attr><attrlabl Sync="TRUE">CMNVAR</attrlabl><attalias Sync="TRUE">CMNVAR</attalias><attrtype Sync="TRUE">Double</attrtype><attwidth Sync="TRUE">19</attwidth><atprecis Sync="TRUE">18</atprecis><attscale Sync="TRUE">10</attscale></attr><attr><attrlabl Sync="TRUE">CMNTOTAL</attrlabl><attalias Sync="TRUE">CMNTOTAL</attalias><attrtype Sync="TRUE">Double</attrtype><attwidth Sync="TRUE">19</attwidth><atprecis Sync="TRUE">18</atprecis><attscale Sync="TRUE">10</attscale></attr><attr><attrlabl Sync="TRUE">CMAOP18CON</attrlabl><attalias Sync="TRUE">CMAOP18CON</attalias><attrtype Sync="TRUE">Double</attrtype><attwidth Sync="TRUE">19</attwidth><atprecis Sync="TRUE">18</atprecis><attscale Sync="TRUE">10</attscale></attr><attr><attrlabl Sync="TRUE">CMAOP19CON</attrlabl><attalias Sync="TRUE">CMAOP19CON</attalias><attrtype Sync="TRUE">Double</attrtype><attwidth Sync="TRUE">19</attwidth><atprecis Sync="TRUE">18</atprecis><attscale Sync="TRUE">10</attscale></attr><attr><attrlabl Sync="TRUE">CMAOP20CON</attrlabl><attalias Sync="TRUE">CMAOP20CON</attalias><attrtype Sync="TRUE">Double</attrtype><attwidth Sync="TRUE">19</attwidth><atprecis Sync="TRUE">18</atprecis><attscale Sync="TRUE">10</attscale></attr><attr><attrlabl Sync="TRUE">CMAOPVAR</attrlabl><attalias Sync="TRUE">CMAOPVAR</attalias><attrtype Sync="TRUE">Double</attrtype><attwidth Sync="TRUE">19</attwidth><atprecis Sync="TRUE">18</atprecis><attscale Sync="TRUE">10</attscale></attr><attr><attrlabl Sync="TRUE">CMAOPTOTAL</attrlabl><attalias Sync="TRUE">CMAOPTOTAL</attalias><attrtype Sync="TRUE">Double</attrtype><attwidth Sync="TRUE">19</attwidth><atprecis Sync="TRUE">18</atprecis><attscale Sync="TRUE">10</attscale></attr><attr><attrlabl Sync="TRUE">CMMM18CONT</attrlabl><attalias Sync="TRUE">CMMM18CONT</attalias><attrtype Sync="TRUE">Double</attrtype><attwidth Sync="TRUE">19</attwidth><atprecis Sync="TRUE">18</atprecis><attscale Sync="TRUE">10</attscale></attr><attr><attrlabl Sync="TRUE">CMMM19CONT</attrlabl><attalias Sync="TRUE">CMMM19CONT</attalias><attrtype Sync="TRUE">Double</attrtype><attwidth Sync="TRUE">19</attwidth><atprecis Sync="TRUE">18</atprecis><attscale Sync="TRUE">10</attscale></attr><attr><attrlabl Sync="TRUE">CMMM20CONT</attrlabl><attalias Sync="TRUE">CMMM20CONT</attalias><attrtype Sync="TRUE">Double</attrtype><attwidth Sync="TRUE">19</attwidth><atprecis Sync="TRUE">18</atprecis><attscale Sync="TRUE">10</attscale></attr><attr><attrlabl Sync="TRUE">CMMMVAR</attrlabl><attalias Sync="TRUE">CMMMVAR</attalias><attrtype Sync="TRUE">Double</attrtype><attwidth Sync="TRUE">19</attwidth><atprecis Sync="TRUE">18</atprecis><attscale Sync="TRUE">10</attscale></attr><attr><attrlabl Sync="TRUE">CMMMTOTAL</attrlabl><attalias Sync="TRUE">CMMMTOTAL</attalias><attrtype Sync="TRUE">Double</attrtype><attwidth Sync="TRUE">19</attwidth><atprecis Sync="TRUE">18</atprecis><attscale Sync="TRUE">10</attscale></attr><attr><attrlabl Sync="TRUE">CMR21CONT</attrlabl><attalias Sync="TRUE">CMR21CONT</attalias><attrtype Sync="TRUE">Double</attrtype><attwidth Sync="TRUE">19</attwidth><atprecis Sync="TRUE">18</atprecis><attscale Sync="TRUE">10</attscale></attr><attr><attrlabl Sync="TRUE">CMN21CONT</attrlabl><attalias Sync="TRUE">CMN21CONT</attalias><attrtype Sync="TRUE">Double</attrtype><attwidth Sync="TRUE">19</attwidth><atprecis Sync="TRUE">18</atprecis><attscale Sync="TRUE">10</attscale></attr><attr><attrlabl Sync="TRUE">CMAOP21CON</attrlabl><attalias Sync="TRUE">CMAOP21CON</attalias><attrtype Sync="TRUE">Double</attrtype><attwidth Sync="TRUE">19</attwidth><atprecis Sync="TRUE">18</atprecis><attscale Sync="TRUE">10</attscale></attr><attr><attrlabl Sync="TRUE">CMMM21CONT</attrlabl><attalias Sync="TRUE">CMMM21CONT</attalias><attrtype Sync="TRUE">Double</attrtype><attwidth Sync="TRUE">19</attwidth><atprecis Sync="TRUE">18</atprecis><attscale Sync="TRUE">10</attscale></attr><attr><attrlabl Sync="TRUE">CMR22CONT</attrlabl><attalias Sync="TRUE">CMR22CONT</attalias><attrtype Sync="TRUE">Double</attrtype><attwidth Sync="TRUE">19</attwidth><atprecis Sync="TRUE">18</atprecis><attscale Sync="TRUE">10</attscale></attr><attr><attrlabl Sync="TRUE">CMN22CONT</attrlabl><attalias Sync="TRUE">CMN22CONT</attalias><attrtype Sync="TRUE">Double</attrtype><attwidth Sync="TRUE">19</attwidth><atprecis Sync="TRUE">18</atprecis><attscale Sync="TRUE">10</attscale></attr><attr><attrlabl Sync="TRUE">CMAOP22CON</attrlabl><attalias Sync="TRUE">CMAOP22CON</attalias><attrtype Sync="TRUE">Double</attrtype><attwidth Sync="TRUE">19</attwidth><atprecis Sync="TRUE">18</atprecis><attscale Sync="TRUE">10</attscale></attr><attr><attrlabl Sync="TRUE">CMMM22CONT</attrlabl><attalias Sync="TRUE">CMMM22CONT</attalias><attrtype Sync="TRUE">Double</attrtype><attwidth Sync="TRUE">19</attwidth><atprecis Sync="TRUE">18</atprecis><attscale Sync="TRUE">10</attscale></attr><attr><attrlabl Sync="TRUE">CMR23CONT</attrlabl><attalias Sync="TRUE">CMR23CONT</attalias><attrtype Sync="TRUE">Double</attrtype><attwidth Sync="TRUE">19</attwidth><atprecis Sync="TRUE">18</atprecis><attscale Sync="TRUE">10</attscale></attr><attr><attrlabl Sync="TRUE">CMN23CONT</attrlabl><attalias Sync="TRUE">CMN23CONT</attalias><attrtype Sync="TRUE">Double</attrtype><attwidth Sync="TRUE">19</attwidth><atprecis Sync="TRUE">18</atprecis><attscale Sync="TRUE">10</attscale></attr><attr><attrlabl Sync="TRUE">CMAOP23CON</attrlabl><attalias Sync="TRUE">CMAOP23CON</attalias><attrtype Sync="TRUE">Double</attrtype><attwidth Sync="TRUE">19</attwidth><atprecis Sync="TRUE">18</atprecis><attscale Sync="TRUE">10</attscale></attr><attr><attrlabl Sync="TRUE">CMMM23CONT</attrlabl><attalias Sync="TRUE">CMMM23CONT</attalias><attrtype Sync="TRUE">Double</attrtype><attwidth Sync="TRUE">19</attwidth><atprecis Sync="TRUE">18</atprecis><attscale Sync="TRUE">10</attscale></attr><attr><attrlabl Sync="TRUE">CMM18CONT</attrlabl><attalias Sync="TRUE">CMM18CONT</attalias><attrtype Sync="TRUE">Double</attrtype><attwidth Sync="TRUE">19</attwidth><atprecis Sync="TRUE">18</atprecis><attscale Sync="TRUE">10</attscale></attr><attr><attrlabl Sync="TRUE">CMM19CONT</attrlabl><attalias Sync="TRUE">CMM19CONT</attalias><attrtype Sync="TRUE">Double</attrtype><attwidth Sync="TRUE">19</attwidth><atprecis Sync="TRUE">18</atprecis><attscale Sync="TRUE">10</attscale></attr><attr><attrlabl Sync="TRUE">CMM20CONT</attrlabl><attalias Sync="TRUE">CMM20CONT</attalias><attrtype Sync="TRUE">Double</attrtype><attwidth Sync="TRUE">19</attwidth><atprecis Sync="TRUE">18</atprecis><attscale Sync="TRUE">10</attscale></attr><attr><attrlabl Sync="TRUE">CMM21CONT</attrlabl><attalias Sync="TRUE">CMM21CONT</attalias><attrtype Sync="TRUE">Double</attrtype><attwidth Sync="TRUE">19</attwidth><atprecis Sync="TRUE">18</atprecis><attscale Sync="TRUE">10</attscale></attr><attr><attrlabl Sync="TRUE">CMM22CONT</attrlabl><attalias Sync="TRUE">CMM22CONT</attalias><attrtype Sync="TRUE">Double</attrtype><attwidth Sync="TRUE">19</attwidth><atprecis Sync="TRUE">18</atprecis><attscale Sync="TRUE">10</attscale></attr><attr><attrlabl Sync="TRUE">CMM23CONT</attrlabl><attalias Sync="TRUE">CMM23CONT</attalias><attrtype Sync="TRUE">Double</attrtype><attwidth Sync="TRUE">19</attwidth><atprecis Sync="TRUE">18</atprecis><attscale Sync="TRUE">10</attscale></attr><attr><attrlabl Sync="TRUE">CMMVAR</attrlabl><attalias Sync="TRUE">CMMVAR</attalias><attrtype Sync="TRUE">Double</attrtype><attwidth Sync="TRUE">19</attwidth><atprecis Sync="TRUE">18</atprecis><attscale Sync="TRUE">10</attscale></attr><attr><attrlabl Sync="TRUE">CMMTOTAL</attrlabl><attalias Sync="TRUE">CMMTOTAL</attalias><attrtype Sync="TRUE">Double</attrtype><attwidth Sync="TRUE">19</attwidth><atprecis Sync="TRUE">18</atprecis><attscale Sync="TRUE">10</attscale></attr><attr><attrlabl Sync="TRUE">CMR24CONT</attrlabl><attalias Sync="TRUE">CMR24CONT</attalias><attrtype Sync="TRUE">Double</attrtype><attwidth Sync="TRUE">19</attwidth><atprecis Sync="TRUE">18</atprecis><attscale Sync="TRUE">10</attscale></attr><attr><attrlabl Sync="TRUE">CMN24CONT</attrlabl><attalias Sync="TRUE">CMN24CONT</attalias><attrtype Sync="TRUE">Double</attrtype><attwidth Sync="TRUE">19</attwidth><atprecis Sync="TRUE">18</atprecis><attscale Sync="TRUE">10</attscale></attr><attr><attrlabl Sync="TRUE">CMAOP24CON</attrlabl><attalias Sync="TRUE">CMAOP24CON</attalias><attrtype Sync="TRUE">Double</attrtype><attwidth Sync="TRUE">19</attwidth><atprecis Sync="TRUE">18</atprecis><attscale Sync="TRUE">10</attscale></attr><attr><attrlabl Sync="TRUE">CMMM24CONT</attrlabl><attalias Sync="TRUE">CMMM24CONT</attalias><attrtype Sync="TRUE">Double</attrtype><attwidth Sync="TRUE">19</attwidth><atprecis Sync="TRUE">18</atprecis><attscale Sync="TRUE">10</attscale></attr><attr><attrlabl Sync="TRUE">CMM24CONT</attrlabl><attalias Sync="TRUE">CMM24CONT</attalias><attrtype Sync="TRUE">Double</attrtype><attwidth Sync="TRUE">19</attwidth><atprecis Sync="TRUE">18</atprecis><attscale Sync="TRUE">10</attscale></attr><attr><attrlabl Sync="TRUE">SHAPE_AREA</attrlabl><attalias Sync="TRUE">SHAPE_AREA</attalias><attrtype Sync="TRUE">Double</attrtype><attwidth Sync="TRUE">19</attwidth><atprecis Sync="TRUE">0</atprecis><attscale Sync="TRUE">0</attscale><attrdef Sync="TRUE">Area of feature in internal units squared.</attrdef><attrdefs Sync="TRUE">Esri</attrdefs><attrdomv><udom Sync="TRUE">Positive real numbers that are automatically generated.</udom></attrdomv></attr><attr><attrlabl Sync="TRUE">SHAPE_LEN</attrlabl><attalias Sync="TRUE">SHAPE_LEN</attalias><attrtype Sync="TRUE">Double</attrtype><attwidth Sync="TRUE">19</attwidth><atprecis Sync="TRUE">0</atprecis><attscale Sync="TRUE">0</attscale></attr></detailed></eainfo><mdDateSt Sync="TRUE">20250120</mdDateSt></metadata>
