<metadata xml:lang="es"><Esri><CreaDate>20220225</CreaDate><CreaTime>20314200</CreaTime><ArcGISFormat>1.0</ArcGISFormat><SyncOnce>FALSE</SyncOnce><DataProperties><lineage><Process ToolSource="c:\program files (x86)\arcgis\desktop10.8\ArcToolbox\Toolboxes\Data Management Tools.tbx\AddField" Date="20220225" Time="203142">AddField D:/Fabian/AGS_Server_SCJ/Conexiones_SDE/Produccion_pdb00002/oaiee@pdbarcgi.sde/OAIEE.Cifras/OAIEE.IRSCAT CMR22Cont DOUBLE 38 10 # "Total Riñas 2021" NULLABLE NON_REQUIRED #</Process><Process ToolSource="c:\program files (x86)\arcgis\desktop10.8\ArcToolbox\Toolboxes\Data Management Tools.tbx\AddField" Date="20220225" Time="203744">AddField D:/Fabian/AGS_Server_SCJ/Conexiones_SDE/Produccion_pdb00002/oaiee@pdbarcgi.sde/OAIEE.Cifras/OAIEE.IRSCAT CMN22Cont DOUBLE 38 10 # "Total Narcóticos 2021" NULLABLE NON_REQUIRED #</Process><Process ToolSource="c:\program files (x86)\arcgis\desktop10.8\ArcToolbox\Toolboxes\Data Management Tools.tbx\AddField" Date="20220225" Time="204137">AddField D:/Fabian/AGS_Server_SCJ/Conexiones_SDE/Produccion_pdb00002/oaiee@pdbarcgi.sde/OAIEE.Cifras/OAIEE.IRSCAT CMAOP22Cont DOUBLE 38 10 # "Total Alteración Orden Público 2021" NULLABLE NON_REQUIRED #</Process><Process ToolSource="c:\program files (x86)\arcgis\desktop10.8\ArcToolbox\Toolboxes\Data Management Tools.tbx\AddField" Date="20220225" Time="204459">AddField D:/Fabian/AGS_Server_SCJ/Conexiones_SDE/Produccion_pdb00002/oaiee@pdbarcgi.sde/OAIEE.Cifras/OAIEE.IRSCAT CMMM22Cont DOUBLE 38 10 # "Total maltrato a mujer 2021" NULLABLE NON_REQUIRED #</Process><Process ToolSource="c:\program files (x86)\arcgis\desktop10.8\ArcToolbox\Toolboxes\Data Management Tools.tbx\AddField" Date="20220225" Time="204925">AddField D:/Fabian/AGS_Server_SCJ/Conexiones_SDE/Produccion_pdb00002/oaiee@pdbarcgi.sde/OAIEE.Cifras/OAIEE.IRSCAT CMMM22Cont DOUBLE 38 10 # "Total maltrato a mujer 2021" NULLABLE NON_REQUIRED #</Process><Process ToolSource="c:\program files (x86)\arcgis\desktop10.8\ArcToolbox\Toolboxes\Data Management Tools.tbx\AddField" Date="20230213" Time="111035">AddField D:\Fabian\AGS_Server_SCJ\Conexiones_SDE\Produccion_pdb00002\oaiee@pdbarcgi.sde\OAIEE.Cifras\OAIEE.IRSCAT CMR23Cont DOUBLE 38 10 # "Total Llamadas por Riñas 2023" NULLABLE NON_REQUIRED #</Process><Process ToolSource="c:\program files (x86)\arcgis\desktop10.8\ArcToolbox\Toolboxes\Data Management Tools.tbx\AddField" Date="20230213" Time="111521">AddField D:\Fabian\AGS_Server_SCJ\Conexiones_SDE\Produccion_pdb00002\oaiee@pdbarcgi.sde\OAIEE.Cifras\OAIEE.IRSCAT CMN23Cont DOUBLE 38 10 # "Total Llamadas por Narcóticos 2023" NULLABLE NON_REQUIRED #</Process><Process ToolSource="c:\program files (x86)\arcgis\desktop10.8\ArcToolbox\Toolboxes\Data Management Tools.tbx\AddField" Date="20230213" Time="112049">AddField D:\Fabian\AGS_Server_SCJ\Conexiones_SDE\Produccion_pdb00002\oaiee@pdbarcgi.sde\OAIEE.Cifras\OAIEE.IRSCAT CMAOP23Cont DOUBLE 38 10 # "Total Llamadas por Alteración Orden Público 2023" NULLABLE NON_REQUIRED #</Process><Process ToolSource="c:\program files (x86)\arcgis\desktop10.8\ArcToolbox\Toolboxes\Data Management Tools.tbx\AddField" Date="20230213" Time="114453">AddField D:\Fabian\AGS_Server_SCJ\Conexiones_SDE\Produccion_pdb00002\oaiee@pdbarcgi.sde\OAIEE.Cifras\OAIEE.IRSCAT CMMM23Cont DOUBLE 38 10 # "Total Llamadas por Maltrato a mujer 2023" NULLABLE NON_REQUIRED #</Process><Process ToolSource="c:\program files (x86)\arcgis\desktop10.8\ArcToolbox\Toolboxes\Data Management Tools.tbx\AddField" Date="20230213" Time="114842">AddField D:\Fabian\AGS_Server_SCJ\Conexiones_SDE\Produccion_pdb00002\oaiee@pdbarcgi.sde\OAIEE.Cifras\OAIEE.IRSCAT CMMM23Cont DOUBLE 38 10 # "Total Llamadas por Maltrato a mujer 2023" NULLABLE NON_REQUIRED #</Process><Process ToolSource="c:\program files (x86)\arcgis\desktop10.8\ArcToolbox\Toolboxes\Data Management Tools.tbx\AddField" Date="20230213" Time="135918">AddField D:\Fabian\AGS_Server_SCJ\Conexiones_SDE\Produccion_pdb00002\oaiee@pdbarcgi.sde\OAIEE.Cifras\OAIEE.IRSCat CMM18Cont DOUBLE 38 10 # "Total Llamadas por Maltrato 2018" NULLABLE NON_REQUIRED #</Process><Process ToolSource="c:\program files (x86)\arcgis\desktop10.8\ArcToolbox\Toolboxes\Data Management Tools.tbx\AddField" Date="20230213" Time="142129">AddField D:\Fabian\AGS_Server_SCJ\Conexiones_SDE\Produccion_pdb00002\oaiee@pdbarcgi.sde\OAIEE.Cifras\OAIEE.IRSCat CMM19Cont DOUBLE 38 10 # "Total Llamadas por Maltrato 2019" NULLABLE NON_REQUIRED #</Process><Process ToolSource="c:\program files (x86)\arcgis\desktop10.8\ArcToolbox\Toolboxes\Data Management Tools.tbx\AddField" Date="20230213" Time="143649">AddField D:\Fabian\AGS_Server_SCJ\Conexiones_SDE\Produccion_pdb00002\oaiee@pdbarcgi.sde\OAIEE.Cifras\OAIEE.IRSCat CMM20Cont DOUBLE 38 10 # "Total Llamadas por Maltrato 2020" NULLABLE NON_REQUIRED #</Process><Process ToolSource="c:\program files (x86)\arcgis\desktop10.8\ArcToolbox\Toolboxes\Data Management Tools.tbx\AddField" Date="20230213" Time="144106">AddField D:\Fabian\AGS_Server_SCJ\Conexiones_SDE\Produccion_pdb00002\oaiee@pdbarcgi.sde\OAIEE.Cifras\OAIEE.IRSCat CMM20Cont DOUBLE 38 10 # "Total Llamadas por Maltrato 2020" NULLABLE NON_REQUIRED #</Process><Process ToolSource="c:\program files (x86)\arcgis\desktop10.8\ArcToolbox\Toolboxes\Data Management Tools.tbx\AddField" Date="20230213" Time="145910">AddField D:\Fabian\AGS_Server_SCJ\Conexiones_SDE\Produccion_pdb00002\oaiee@pdbarcgi.sde\OAIEE.Cifras\OAIEE.IRSCat CMM21Cont DOUBLE 38 10 # "Total Llamadas por Maltrato 2021" NULLABLE NON_REQUIRED #</Process><Process ToolSource="c:\program files (x86)\arcgis\desktop10.8\ArcToolbox\Toolboxes\Data Management Tools.tbx\AddField" Date="20230213" Time="151515">AddField D:\Fabian\AGS_Server_SCJ\Conexiones_SDE\Produccion_pdb00002\oaiee@pdbarcgi.sde\OAIEE.Cifras\OAIEE.IRSCat CMM22Cont DOUBLE 38 10 # "Total Llamadas por Maltrato 2022" NULLABLE NON_REQUIRED #</Process><Process ToolSource="c:\program files (x86)\arcgis\desktop10.8\ArcToolbox\Toolboxes\Data Management Tools.tbx\AddField" Date="20230213" Time="151916">AddField D:\Fabian\AGS_Server_SCJ\Conexiones_SDE\Produccion_pdb00002\oaiee@pdbarcgi.sde\OAIEE.Cifras\OAIEE.IRSCat CMM22Cont DOUBLE 38 10 # "Total Llamadas por Maltrato 2022" NULLABLE NON_REQUIRED #</Process><Process ToolSource="c:\program files (x86)\arcgis\desktop10.8\ArcToolbox\Toolboxes\Data Management Tools.tbx\AddField" Date="20230213" Time="153901">AddField D:\Fabian\AGS_Server_SCJ\Conexiones_SDE\Produccion_pdb00002\oaiee@pdbarcgi.sde\OAIEE.Cifras\OAIEE.IRSCat CMM23Cont DOUBLE 38 10 # "Total Llamadas por Maltrato 2023" NULLABLE NON_REQUIRED #</Process><Process ToolSource="c:\program files (x86)\arcgis\desktop10.8\ArcToolbox\Toolboxes\Data Management Tools.tbx\AddField" Date="20230213" Time="154314">AddField D:\Fabian\AGS_Server_SCJ\Conexiones_SDE\Produccion_pdb00002\oaiee@pdbarcgi.sde\OAIEE.Cifras\OAIEE.IRSCat CMM23Cont DOUBLE 38 10 # "Total Llamadas por Maltrato 2023" NULLABLE NON_REQUIRED #</Process><Process ToolSource="c:\program files (x86)\arcgis\desktop10.8\ArcToolbox\Toolboxes\Data Management Tools.tbx\AddField" Date="20230213" Time="155929">AddField D:\Fabian\AGS_Server_SCJ\Conexiones_SDE\Produccion_pdb00002\oaiee@pdbarcgi.sde\OAIEE.Cifras\OAIEE.IRSCat CMMVar DOUBLE 38 10 # "Variación Llamadas por Maltrato %" NULLABLE NON_REQUIRED #</Process><Process ToolSource="c:\program files (x86)\arcgis\desktop10.8\ArcToolbox\Toolboxes\Data Management Tools.tbx\AddField" Date="20230213" Time="161738">AddField D:\Fabian\AGS_Server_SCJ\Conexiones_SDE\Produccion_pdb00002\oaiee@pdbarcgi.sde\OAIEE.Cifras\OAIEE.IRSCat CMMTOTAL DOUBLE 38 10 # "Total Maltrato Año Actual Bogotá D.C." NULLABLE NON_REQUIRED #</Process><Process ToolSource="c:\program files (x86)\arcgis\desktop10.8\ArcToolbox\Toolboxes\Data Management Tools.tbx\AddField" Date="20230213" Time="163353">AddField D:\Fabian\AGS_Server_SCJ\Conexiones_SDE\Produccion_pdb00002\oaiee@pdbarcgi.sde\OAIEE.Cifras\OAIEE.IRSCat CMMTOTAL DOUBLE 38 10 # "Total Maltrato Año Actual Bogotá D.C." NULLABLE NON_REQUIRED #</Process><Process ToolSource="c:\program files\arcgis\pro\Resources\ArcToolbox\toolboxes\Data Management Tools.tbx\Append" Date="20230214" Time="165754">Append IRSCAT C:\Users\oscar.aguirre\Documents\ArcGIS\Projects\MyProject\oaiee.sde\OAIEE.Cifras\OAIEE.IRSCat "Use the field map to reconcile field differences" "CMIUSCAT "Código Sector Catastral" true true false 6 Text 0 0,First,#,\\172.21.22.8\Geoprocesos\Queryslayersfiles\Ene2023\EneDic22\IncidenteReportado\IR_SHP\IRSCAT.shp,CMIUSCAT,0,6;CMNOMSCAT "Nombre Sector Catastral" true true false 250 Text 0 0,First,#,\\172.21.22.8\Geoprocesos\Queryslayersfiles\Ene2023\EneDic22\IncidenteReportado\IR_SHP\IRSCAT.shp,CMNOMSCAT,0,250;CMMES "Mes" true true false 7 Text 0 0,First,#,\\172.21.22.8\Geoprocesos\Queryslayersfiles\Ene2023\EneDic22\IncidenteReportado\IR_SHP\IRSCAT.shp,CMMES,0,7;CMR18CONT "Total Llamadas por Riñas 2018" true true false 8 Double 8 38,First,#,\\172.21.22.8\Geoprocesos\Queryslayersfiles\Ene2023\EneDic22\IncidenteReportado\IR_SHP\IRSCAT.shp,CMR18CONT,-1,-1;CMR19CONT "Total Llamadas por Riñas 2019" true true false 8 Double 8 38,First,#,\\172.21.22.8\Geoprocesos\Queryslayersfiles\Ene2023\EneDic22\IncidenteReportado\IR_SHP\IRSCAT.shp,CMR19CONT,-1,-1;CMR20CONT "Total Llamadas por Riñas 2020" true true false 8 Double 8 38,First,#,\\172.21.22.8\Geoprocesos\Queryslayersfiles\Ene2023\EneDic22\IncidenteReportado\IR_SHP\IRSCAT.shp,CMR20CONT,-1,-1;CMRVAR "Variación Llamadas por Riñas %" true true false 8 Double 8 38,First,#,\\172.21.22.8\Geoprocesos\Queryslayersfiles\Ene2023\EneDic22\IncidenteReportado\IR_SHP\IRSCAT.shp,CMRVAR,-1,-1;CMRTOTAL "Total Llamadas por Riñas Año Actual Bogotá D.C." true true false 8 Double 8 38,First,#,\\172.21.22.8\Geoprocesos\Queryslayersfiles\Ene2023\EneDic22\IncidenteReportado\IR_SHP\IRSCAT.shp,CMRTOTAL,-1,-1;CMN18CONT "Total Llamadas por Narcóticos 2018" true true false 8 Double 8 38,First,#,\\172.21.22.8\Geoprocesos\Queryslayersfiles\Ene2023\EneDic22\IncidenteReportado\IR_SHP\IRSCAT.shp,CMN18CONT,-1,-1;CMN19CONT "Total Llamadas por Narcóticos 2019" true true false 8 Double 8 38,First,#,\\172.21.22.8\Geoprocesos\Queryslayersfiles\Ene2023\EneDic22\IncidenteReportado\IR_SHP\IRSCAT.shp,CMN19CONT,-1,-1;CMN20CONT "Total Llamadas por Narcóticos 2020" true true false 8 Double 8 38,First,#,\\172.21.22.8\Geoprocesos\Queryslayersfiles\Ene2023\EneDic22\IncidenteReportado\IR_SHP\IRSCAT.shp,CMN20CONT,-1,-1;CMNVAR "Variación Llamadas por Narcóticos %" true true false 8 Double 8 38,First,#,\\172.21.22.8\Geoprocesos\Queryslayersfiles\Ene2023\EneDic22\IncidenteReportado\IR_SHP\IRSCAT.shp,CMNVAR,-1,-1;CMNTOTAL "Total Llamadas por Narcóticos Año Actual Bogotá D.C." true true false 8 Double 8 38,First,#,\\172.21.22.8\Geoprocesos\Queryslayersfiles\Ene2023\EneDic22\IncidenteReportado\IR_SHP\IRSCAT.shp,CMNTOTAL,-1,-1;CMAOP18CONT "Total Llamadas por Alteración Orden Público 2018" true true false 8 Double 8 38,First,#;CMAOP19CONT "Total Llamadas por Alteración Orden Público 2019" true true false 8 Double 8 38,First,#;CMAOP20CONT "Total Llamadas por Alteración Orden Público 2020" true true false 8 Double 8 38,First,#;CMAOPVAR "Variación Llamadas por Alteración Orden Público %" true true false 8 Double 8 38,First,#,\\172.21.22.8\Geoprocesos\Queryslayersfiles\Ene2023\EneDic22\IncidenteReportado\IR_SHP\IRSCAT.shp,CMAOPVAR,-1,-1;CMAOPTOTAL "Total Llamadas por Alteración Orden Público Año Actual Bogotá D.C." true true false 8 Double 8 38,First,#,\\172.21.22.8\Geoprocesos\Queryslayersfiles\Ene2023\EneDic22\IncidenteReportado\IR_SHP\IRSCAT.shp,CMAOPTOTAL,-1,-1;CMMM18CONT "Total Llamadas por Maltrato a mujer 2018" true true false 8 Double 8 38,First,#,\\172.21.22.8\Geoprocesos\Queryslayersfiles\Ene2023\EneDic22\IncidenteReportado\IR_SHP\IRSCAT.shp,CMMM18CONT,-1,-1;CMMM19CONT "Total Llamadas por Maltrato a mujer 2019" true true false 8 Double 8 38,First,#,\\172.21.22.8\Geoprocesos\Queryslayersfiles\Ene2023\EneDic22\IncidenteReportado\IR_SHP\IRSCAT.shp,CMMM19CONT,-1,-1;CMMM20CONT "Total Llamadas por Maltrato a mujer 2020" true true false 8 Double 8 38,First,#,\\172.21.22.8\Geoprocesos\Queryslayersfiles\Ene2023\EneDic22\IncidenteReportado\IR_SHP\IRSCAT.shp,CMMM20CONT,-1,-1;CMMMVAR "Variación Llamadas por Maltrato a mujer %" true true false 8 Double 8 38,First,#,\\172.21.22.8\Geoprocesos\Queryslayersfiles\Ene2023\EneDic22\IncidenteReportado\IR_SHP\IRSCAT.shp,CMMMVAR,-1,-1;CMMMTOTAL "Total Llamadas por Maltrato a mujer Año Actual Bogotá D.C." true true false 8 Double 8 38,First,#,\\172.21.22.8\Geoprocesos\Queryslayersfiles\Ene2023\EneDic22\IncidenteReportado\IR_SHP\IRSCAT.shp,CMMMTOTAL,-1,-1;CMR21CONT "Total Llamadas por Riñas 2021" true true false 8 Double 8 38,First,#,\\172.21.22.8\Geoprocesos\Queryslayersfiles\Ene2023\EneDic22\IncidenteReportado\IR_SHP\IRSCAT.shp,CMR21CONT,-1,-1;CMN21CONT "Total Llamadas por Narcóticos 2021" true true false 8 Double 8 38,First,#,\\172.21.22.8\Geoprocesos\Queryslayersfiles\Ene2023\EneDic22\IncidenteReportado\IR_SHP\IRSCAT.shp,CMN21CONT,-1,-1;CMAOP21CONT "Total Llamadas por Alteración Orden Público 2021" true true false 8 Double 8 38,First,#;CMMM21CONT "Total Llamadas por Maltrato a mujer 2021" true true false 8 Double 8 38,First,#,\\172.21.22.8\Geoprocesos\Queryslayersfiles\Ene2023\EneDic22\IncidenteReportado\IR_SHP\IRSCAT.shp,CMMM21CONT,-1,-1;CMR22CONT "Total Llamadas por Riñas 2022" true true false 8 Double 10 38,First,#,\\172.21.22.8\Geoprocesos\Queryslayersfiles\Ene2023\EneDic22\IncidenteReportado\IR_SHP\IRSCAT.shp,CMR22CONT,-1,-1;CMN22CONT "Total Llamadas por Narcóticos 2022" true true false 8 Double 10 38,First,#,\\172.21.22.8\Geoprocesos\Queryslayersfiles\Ene2023\EneDic22\IncidenteReportado\IR_SHP\IRSCAT.shp,CMN22CONT,-1,-1;CMAOP22CONT "Total Llamadas por Alteración Orden Público 2022" true true false 8 Double 10 38,First,#;CMMM22CONT "Total Llamadas por Maltrato a mujer 2022" true true false 8 Double 10 38,First,#,\\172.21.22.8\Geoprocesos\Queryslayersfiles\Ene2023\EneDic22\IncidenteReportado\IR_SHP\IRSCAT.shp,CMMM22CONT,-1,-1;CMR23CONT "Total Llamadas por Riñas 2023" true true false 8 Double 10 38,First,#;CMN23CONT "Total Llamadas por Narcóticos 2023" true true false 8 Double 10 38,First,#;CMAOP23CONT "Total Llamadas por Alteración Orden Público 2023" true true false 8 Double 10 38,First,#;CMMM23CONT "Total Llamadas por Maltrato a mujer 2023" true true false 8 Double 10 38,First,#;CMM18CONT "Total Llamadas por Maltrato 2018" true true false 8 Double 10 38,First,#;CMM19CONT "Total Llamadas por Maltrato 2019" true true false 8 Double 10 38,First,#;CMM20CONT "Total Llamadas por Maltrato 2020" true true false 8 Double 10 38,First,#;CMM21CONT "Total Llamadas por Maltrato 2021" true true false 8 Double 10 38,First,#;CMM22CONT "Total Llamadas por Maltrato 2022" true true false 8 Double 10 38,First,#;CMM23CONT "Total Llamadas por Maltrato 2023" true true false 8 Double 10 38,First,#;CMMVAR "Variación Llamadas por Maltrato %" true true false 8 Double 10 38,First,#;CMMTOTAL "Total Maltrato Año Actual Bogotá D.C." true true false 8 Double 10 38,First,#" # #</Process><Process ToolSource="d:\instalacion_argis_2018\server\ArcToolbox\Toolboxes\Data Management Tools.tbx\AddField" Date="20240213" Time="173526">AddField D:\Geoprocesos\_Conexiones\oaiee@pdbarcgi.sde\OAIEE.Cifras\OAIEE.IRSCAT CMR24Cont DOUBLE 38 10 # "Total Llamadas por Ri?as 2024" NULLABLE NON_REQUIRED #</Process><Process ToolSource="d:\instalacion_argis_2018\server\ArcToolbox\Toolboxes\Data Management Tools.tbx\AddField" Date="20240213" Time="173527">AddField D:\Geoprocesos\_Conexiones\oaiee@pdbarcgi.sde\OAIEE.Cifras\OAIEE.IRSCAT CMN24Cont DOUBLE 38 10 # "Total Llamadas por Narc?ticos 2024" NULLABLE NON_REQUIRED #</Process><Process ToolSource="d:\instalacion_argis_2018\server\ArcToolbox\Toolboxes\Data Management Tools.tbx\AddField" Date="20240213" Time="173528">AddField D:\Geoprocesos\_Conexiones\oaiee@pdbarcgi.sde\OAIEE.Cifras\OAIEE.IRSCAT CMAOP24Cont DOUBLE 38 10 # "Total Llamadas por Alteraci?n Orden P?blico 2024" NULLABLE NON_REQUIRED #</Process><Process ToolSource="d:\instalacion_argis_2018\server\ArcToolbox\Toolboxes\Data Management Tools.tbx\AddField" Date="20240213" Time="173529">AddField D:\Geoprocesos\_Conexiones\oaiee@pdbarcgi.sde\OAIEE.Cifras\OAIEE.IRSCAT CMMM24Cont DOUBLE 38 10 # "Total Llamadas por Maltrato a mujer 2024" NULLABLE NON_REQUIRED #</Process><Process ToolSource="c:\program files\arcgis\pro\Resources\ArcToolbox\Toolboxes\Data Management Tools.tbx\UpdateSchema" Date="20240213" Time="175257">UpdateSchema "CIMDATA=&lt;CIMFeatureDatasetDataConnection xsi:type='typens:CIMFeatureDatasetDataConnection' xmlns:xsi='http://www.w3.org/2001/XMLSchema-instance' xmlns:xs='http://www.w3.org/2001/XMLSchema' xmlns:typens='http://www.esri.com/schemas/ArcGIS/3.1.0'&gt;&lt;FeatureDataset&gt;OAIEE.Cifras&lt;/FeatureDataset&gt;&lt;WorkspaceConnectionString&gt;ENCRYPTED_PASSWORD_UTF8=00022e6832443457437876645677704f3134484b4f524449347a37316c7657657068397641324956624b746b512f633d2a00;ENCRYPTED_PASSWORD=00022e68503942776a6a716e6261304e46626843584a36655145736473324f656c57586830382b4f5441704f6c70773d2a00;SERVER=ARGIS_PROD;INSTANCE=sde:oracle11g:ARGIS_PROD;DBCLIENT=oracle;DB_CONNECTION_PROPERTIES=ARGIS_PROD;PROJECT_INSTANCE=sde;USER=oaiee;VERSION=SDE.DEFAULT;AUTHENTICATION_MODE=DBMS&lt;/WorkspaceConnectionString&gt;&lt;WorkspaceFactory&gt;SDE&lt;/WorkspaceFactory&gt;&lt;Dataset&gt;OAIEE.IRSCat&lt;/Dataset&gt;&lt;DatasetType&gt;esriDTFeatureClass&lt;/DatasetType&gt;&lt;/CIMFeatureDatasetDataConnection&gt;" "&lt;operationSequence&gt;&lt;workflow&gt;&lt;AlterField&gt;&lt;field_name&gt;CMR24CONT&lt;/field_name&gt;&lt;field_alias&gt;Total Llamadas por Riñas 2024&lt;/field_alias&gt;&lt;field_is_nullable&gt;True&lt;/field_is_nullable&gt;&lt;clear_field_alias&gt;False&lt;/clear_field_alias&gt;&lt;/AlterField&gt;&lt;/workflow&gt;&lt;workflow&gt;&lt;AlterField&gt;&lt;field_name&gt;CMN24CONT&lt;/field_name&gt;&lt;field_alias&gt;Total Llamadas por Narcóticos 2024&lt;/field_alias&gt;&lt;field_is_nullable&gt;True&lt;/field_is_nullable&gt;&lt;clear_field_alias&gt;False&lt;/clear_field_alias&gt;&lt;/AlterField&gt;&lt;/workflow&gt;&lt;workflow&gt;&lt;AlterField&gt;&lt;field_name&gt;CMAOP24CONT&lt;/field_name&gt;&lt;field_alias&gt;Total Llamadas por Alteración Orden Público 2024&lt;/field_alias&gt;&lt;field_is_nullable&gt;True&lt;/field_is_nullable&gt;&lt;clear_field_alias&gt;False&lt;/clear_field_alias&gt;&lt;/AlterField&gt;&lt;/workflow&gt;&lt;/operationSequence&gt;"</Process><Process ToolSource="d:\instalacion_argis_2018\server\ArcToolbox\Toolboxes\Data Management Tools.tbx\AddField" Date="20240213" Time="180056">AddField D:\Geoprocesos\_Conexiones\oaiee@pdbarcgi.sde\OAIEE.Cifras\OAIEE.IRSCAT CMM24Cont DOUBLE 38 10 # "Total Llamadas por Maltrato 2024" NULLABLE NON_REQUIRED #</Process><Process ToolSource="c:\program files\arcgis\pro\Resources\ArcToolbox\Toolboxes\Data Management Tools.tbx\UpdateSchema" Date="20240611" Time="135954">UpdateSchema "CIMDATA=&lt;CIMFeatureDatasetDataConnection xsi:type='typens:CIMFeatureDatasetDataConnection' xmlns:xsi='http://www.w3.org/2001/XMLSchema-instance' xmlns:xs='http://www.w3.org/2001/XMLSchema' xmlns:typens='http://www.esri.com/schemas/ArcGIS/3.1.0'&gt;&lt;FeatureDataset&gt;OAIEE.Cifras&lt;/FeatureDataset&gt;&lt;WorkspaceConnectionString&gt;ENCRYPTED_PASSWORD_UTF8=00022e6832443457437876645677704f3134484b4f524449347a37316c7657657068397641324956624b746b512f633d2a00;ENCRYPTED_PASSWORD=00022e6864576a65764e67586f67597054485549786d4f6a385a4865486c692f335662703855754a732f56426849453d2a00;SERVER=ARGIS_PROD;INSTANCE=sde:oracle11g:ARGIS_PROD;DBCLIENT=oracle;DB_CONNECTION_PROPERTIES=ARGIS_PROD;PROJECT_INSTANCE=sde;USER=oaiee;VERSION=SDE.DEFAULT;AUTHENTICATION_MODE=DBMS&lt;/WorkspaceConnectionString&gt;&lt;WorkspaceFactory&gt;SDE&lt;/WorkspaceFactory&gt;&lt;Dataset&gt;OAIEE.IRSCat&lt;/Dataset&gt;&lt;DatasetType&gt;esriDTFeatureClass&lt;/DatasetType&gt;&lt;/CIMFeatureDatasetDataConnection&gt;" &lt;operationSequence&gt;&lt;workflow&gt;&lt;AlterField&gt;&lt;field_name&gt;CMMES&lt;/field_name&gt;&lt;field_type&gt;TEXT&lt;/field_type&gt;&lt;field_length&gt;50&lt;/field_length&gt;&lt;field_is_nullable&gt;True&lt;/field_is_nullable&gt;&lt;clear_field_alias&gt;False&lt;/clear_field_alias&gt;&lt;/AlterField&gt;&lt;/workflow&gt;&lt;/operationSequence&gt;</Process><Process ToolSource="d:\instalacion_argis_2018\server\ArcToolbox\Toolboxes\Data Management Tools.tbx\CopyFeatures" Date="20250120" Time="132542">CopyFeatures IRSCAT D:\Geoprocesos\Queryslayersfiles\Ene2025\EneDic24\IncidenteReportado\SHP\IRSCAT.shp # 0 0 0</Process></lineage><itemProps><itemName Sync="TRUE">IRSCAT</itemName><imsContentType Sync="TRUE">002</imsContentType><itemSize Sync="TRUE">0.000</itemSize><itemLocation><linkage Sync="TRUE">file://\\SRV-03-13-055\Geoprocesos\Queryslayersfiles\Ene2025\EneDic24\IncidenteReportado\SHP\IRSCAT.shp</linkage><protocol Sync="TRUE">Local Area Network</protocol></itemLocation></itemProps><coordRef><type Sync="TRUE">Geographic</type><geogcsn Sync="TRUE">GCS_MAGNA</geogcsn><csUnits Sync="TRUE">Angular Unit: Degree (0.017453)</csUnits><peXml Sync="TRUE">&lt;GeographicCoordinateSystem xsi:type='typens:GeographicCoordinateSystem' xmlns:xsi='http://www.w3.org/2001/XMLSchema-instance' xmlns:xs='http://www.w3.org/2001/XMLSchema' xmlns:typens='http://www.esri.com/schemas/ArcGIS/10.8'&gt;&lt;WKT&gt;GEOGCS[&amp;quot;GCS_MAGNA&amp;quot;,DATUM[&amp;quot;D_MAGNA&amp;quot;,SPHEROID[&amp;quot;GRS_1980&amp;quot;,6378137.0,298.257222101]],PRIMEM[&amp;quot;Greenwich&amp;quot;,0.0],UNIT[&amp;quot;Degree&amp;quot;,0.0174532925199433],AUTHORITY[&amp;quot;EPSG&amp;quot;,4686]]&lt;/WKT&gt;&lt;XOrigin&gt;-400&lt;/XOrigin&gt;&lt;YOrigin&gt;-400&lt;/YOrigin&gt;&lt;XYScale&gt;11258999068426.238&lt;/XYScale&gt;&lt;ZOrigin&gt;-100000&lt;/ZOrigin&gt;&lt;ZScale&gt;10000&lt;/ZScale&gt;&lt;MOrigin&gt;-100000&lt;/MOrigin&gt;&lt;MScale&gt;10000&lt;/MScale&gt;&lt;XYTolerance&gt;8.983152841195215e-09&lt;/XYTolerance&gt;&lt;ZTolerance&gt;0.001&lt;/ZTolerance&gt;&lt;MTolerance&gt;0.001&lt;/MTolerance&gt;&lt;HighPrecision&gt;true&lt;/HighPrecision&gt;&lt;LeftLongitude&gt;-180&lt;/LeftLongitude&gt;&lt;WKID&gt;4686&lt;/WKID&gt;&lt;LatestWKID&gt;4686&lt;/LatestWKID&gt;&lt;/GeographicCoordinateSystem&gt;</peXml></coordRef></DataProperties><SyncDate>20250120</SyncDate><SyncTime>13254200</SyncTime><ModDate>20250120</ModDate><ModTime>13254200</ModTime></Esri><dataIdInfo><envirDesc Sync="TRUE"> Version 6.2 (Build 9200) ; Esri ArcGIS 10.9.1.28388</envirDesc><dataLang><languageCode value="eng" Sync="TRUE"></languageCode><countryCode value="USA" Sync="TRUE"></countryCode></dataLang><idCitation><resTitle Sync="TRUE">IRSCAT</resTitle><presForm><PresFormCd value="005" Sync="TRUE"></PresFormCd></presForm></idCitation><spatRpType><SpatRepTypCd value="001" Sync="TRUE"></SpatRepTypCd></spatRpType></dataIdInfo><mdLang><languageCode value="eng" Sync="TRUE"></languageCode><countryCode value="USA" Sync="TRUE"></countryCode></mdLang><distInfo><distFormat><formatName Sync="TRUE">Shapefile</formatName></distFormat><distTranOps><transSize Sync="TRUE">0.000</transSize></distTranOps></distInfo><mdHrLv><ScopeCd value="005" Sync="TRUE"></ScopeCd></mdHrLv><mdHrLvName Sync="TRUE">dataset</mdHrLvName><refSysInfo><RefSystem><refSysID><identCode code="4686" Sync="TRUE"></identCode><idCodeSpace Sync="TRUE">EPSG</idCodeSpace><idVersion Sync="TRUE">6.14(9.2.0)</idVersion></refSysID></RefSystem></refSysInfo><spatRepInfo><VectSpatRep><geometObjs Name="IRSCAT"><geoObjTyp><GeoObjTypCd value="002" Sync="TRUE"></GeoObjTypCd></geoObjTyp><geoObjCnt Sync="TRUE">0</geoObjCnt></geometObjs><topLvl><TopoLevCd value="001" Sync="TRUE"></TopoLevCd></topLvl></VectSpatRep></spatRepInfo><spdoinfo><ptvctinf><esriterm Name="IRSCAT"><efeatyp Sync="TRUE">Simple</efeatyp><efeageom code="4" Sync="TRUE"></efeageom><esritopo Sync="TRUE">FALSE</esritopo><efeacnt Sync="TRUE">0</efeacnt><spindex Sync="TRUE">FALSE</spindex><linrefer Sync="TRUE">FALSE</linrefer></esriterm></ptvctinf></spdoinfo><eainfo><detailed Name="IRSCAT"><enttyp><enttypl Sync="TRUE">IRSCAT</enttypl><enttypt Sync="TRUE">Feature Class</enttypt><enttypc Sync="TRUE">0</enttypc></enttyp><attr><attrlabl Sync="TRUE">FID</attrlabl><attalias Sync="TRUE">FID</attalias><attrtype Sync="TRUE">OID</attrtype><attwidth Sync="TRUE">4</attwidth><atprecis Sync="TRUE">0</atprecis><attscale Sync="TRUE">0</attscale><attrdef Sync="TRUE">Internal feature number.</attrdef><attrdefs Sync="TRUE">Esri</attrdefs><attrdomv><udom Sync="TRUE">Sequential unique whole numbers that are automatically generated.</udom></attrdomv></attr><attr><attrlabl Sync="TRUE">Shape</attrlabl><attalias Sync="TRUE">Shape</attalias><attrtype Sync="TRUE">Geometry</attrtype><attwidth Sync="TRUE">0</attwidth><atprecis Sync="TRUE">0</atprecis><attscale Sync="TRUE">0</attscale><attrdef Sync="TRUE">Feature geometry.</attrdef><attrdefs Sync="TRUE">Esri</attrdefs><attrdomv><udom Sync="TRUE">Coordinates defining the features.</udom></attrdomv></attr><attr><attrlabl Sync="TRUE">CMIUSCAT</attrlabl><attalias Sync="TRUE">CMIUSCAT</attalias><attrtype Sync="TRUE">String</attrtype><attwidth Sync="TRUE">6</attwidth><atprecis Sync="TRUE">0</atprecis><attscale Sync="TRUE">0</attscale></attr><attr><attrlabl Sync="TRUE">CMNOMSCAT</attrlabl><attalias Sync="TRUE">CMNOMSCAT</attalias><attrtype Sync="TRUE">String</attrtype><attwidth Sync="TRUE">250</attwidth><atprecis Sync="TRUE">0</atprecis><attscale Sync="TRUE">0</attscale></attr><attr><attrlabl Sync="TRUE">CMMES</attrlabl><attalias Sync="TRUE">CMMES</attalias><attrtype Sync="TRUE">String</attrtype><attwidth Sync="TRUE">50</attwidth><atprecis Sync="TRUE">0</atprecis><attscale Sync="TRUE">0</attscale></attr><attr><attrlabl Sync="TRUE">CMR18CONT</attrlabl><attalias Sync="TRUE">CMR18CONT</attalias><attrtype Sync="TRUE">Double</attrtype><attwidth Sync="TRUE">19</attwidth><atprecis Sync="TRUE">18</atprecis><attscale Sync="TRUE">8</attscale></attr><attr><attrlabl Sync="TRUE">CMR19CONT</attrlabl><attalias Sync="TRUE">CMR19CONT</attalias><attrtype Sync="TRUE">Double</attrtype><attwidth Sync="TRUE">19</attwidth><atprecis Sync="TRUE">18</atprecis><attscale Sync="TRUE">8</attscale></attr><attr><attrlabl Sync="TRUE">CMR20CONT</attrlabl><attalias Sync="TRUE">CMR20CONT</attalias><attrtype Sync="TRUE">Double</attrtype><attwidth Sync="TRUE">19</attwidth><atprecis Sync="TRUE">18</atprecis><attscale Sync="TRUE">8</attscale></attr><attr><attrlabl Sync="TRUE">CMRVAR</attrlabl><attalias Sync="TRUE">CMRVAR</attalias><attrtype Sync="TRUE">Double</attrtype><attwidth Sync="TRUE">19</attwidth><atprecis Sync="TRUE">18</atprecis><attscale Sync="TRUE">8</attscale></attr><attr><attrlabl Sync="TRUE">CMRTOTAL</attrlabl><attalias Sync="TRUE">CMRTOTAL</attalias><attrtype Sync="TRUE">Double</attrtype><attwidth Sync="TRUE">19</attwidth><atprecis Sync="TRUE">18</atprecis><attscale Sync="TRUE">8</attscale></attr><attr><attrlabl Sync="TRUE">CMN18CONT</attrlabl><attalias Sync="TRUE">CMN18CONT</attalias><attrtype Sync="TRUE">Double</attrtype><attwidth Sync="TRUE">19</attwidth><atprecis Sync="TRUE">18</atprecis><attscale Sync="TRUE">8</attscale></attr><attr><attrlabl Sync="TRUE">CMN19CONT</attrlabl><attalias Sync="TRUE">CMN19CONT</attalias><attrtype Sync="TRUE">Double</attrtype><attwidth Sync="TRUE">19</attwidth><atprecis Sync="TRUE">18</atprecis><attscale Sync="TRUE">8</attscale></attr><attr><attrlabl Sync="TRUE">CMN20CONT</attrlabl><attalias Sync="TRUE">CMN20CONT</attalias><attrtype Sync="TRUE">Double</attrtype><attwidth Sync="TRUE">19</attwidth><atprecis Sync="TRUE">18</atprecis><attscale Sync="TRUE">8</attscale></attr><attr><attrlabl Sync="TRUE">CMNVAR</attrlabl><attalias Sync="TRUE">CMNVAR</attalias><attrtype Sync="TRUE">Double</attrtype><attwidth Sync="TRUE">19</attwidth><atprecis Sync="TRUE">18</atprecis><attscale Sync="TRUE">8</attscale></attr><attr><attrlabl Sync="TRUE">CMNTOTAL</attrlabl><attalias Sync="TRUE">CMNTOTAL</attalias><attrtype Sync="TRUE">Double</attrtype><attwidth Sync="TRUE">19</attwidth><atprecis Sync="TRUE">18</atprecis><attscale Sync="TRUE">8</attscale></attr><attr><attrlabl Sync="TRUE">CMAOP18CON</attrlabl><attalias Sync="TRUE">CMAOP18CON</attalias><attrtype Sync="TRUE">Double</attrtype><attwidth Sync="TRUE">19</attwidth><atprecis Sync="TRUE">18</atprecis><attscale Sync="TRUE">8</attscale></attr><attr><attrlabl Sync="TRUE">CMAOP19CON</attrlabl><attalias Sync="TRUE">CMAOP19CON</attalias><attrtype Sync="TRUE">Double</attrtype><attwidth Sync="TRUE">19</attwidth><atprecis Sync="TRUE">18</atprecis><attscale Sync="TRUE">8</attscale></attr><attr><attrlabl Sync="TRUE">CMAOP20CON</attrlabl><attalias Sync="TRUE">CMAOP20CON</attalias><attrtype Sync="TRUE">Double</attrtype><attwidth Sync="TRUE">19</attwidth><atprecis Sync="TRUE">18</atprecis><attscale Sync="TRUE">8</attscale></attr><attr><attrlabl Sync="TRUE">CMAOPVAR</attrlabl><attalias Sync="TRUE">CMAOPVAR</attalias><attrtype Sync="TRUE">Double</attrtype><attwidth Sync="TRUE">19</attwidth><atprecis Sync="TRUE">18</atprecis><attscale Sync="TRUE">8</attscale></attr><attr><attrlabl Sync="TRUE">CMAOPTOTAL</attrlabl><attalias Sync="TRUE">CMAOPTOTAL</attalias><attrtype Sync="TRUE">Double</attrtype><attwidth Sync="TRUE">19</attwidth><atprecis Sync="TRUE">18</atprecis><attscale Sync="TRUE">8</attscale></attr><attr><attrlabl Sync="TRUE">CMMM18CONT</attrlabl><attalias Sync="TRUE">CMMM18CONT</attalias><attrtype Sync="TRUE">Double</attrtype><attwidth Sync="TRUE">19</attwidth><atprecis Sync="TRUE">18</atprecis><attscale Sync="TRUE">8</attscale></attr><attr><attrlabl Sync="TRUE">CMMM19CONT</attrlabl><attalias Sync="TRUE">CMMM19CONT</attalias><attrtype Sync="TRUE">Double</attrtype><attwidth Sync="TRUE">19</attwidth><atprecis Sync="TRUE">18</atprecis><attscale Sync="TRUE">8</attscale></attr><attr><attrlabl Sync="TRUE">CMMM20CONT</attrlabl><attalias Sync="TRUE">CMMM20CONT</attalias><attrtype Sync="TRUE">Double</attrtype><attwidth Sync="TRUE">19</attwidth><atprecis Sync="TRUE">18</atprecis><attscale Sync="TRUE">8</attscale></attr><attr><attrlabl Sync="TRUE">CMMMVAR</attrlabl><attalias Sync="TRUE">CMMMVAR</attalias><attrtype Sync="TRUE">Double</attrtype><attwidth Sync="TRUE">19</attwidth><atprecis Sync="TRUE">18</atprecis><attscale Sync="TRUE">8</attscale></attr><attr><attrlabl Sync="TRUE">CMMMTOTAL</attrlabl><attalias Sync="TRUE">CMMMTOTAL</attalias><attrtype Sync="TRUE">Double</attrtype><attwidth Sync="TRUE">19</attwidth><atprecis Sync="TRUE">18</atprecis><attscale Sync="TRUE">8</attscale></attr><attr><attrlabl Sync="TRUE">CMR21CONT</attrlabl><attalias Sync="TRUE">CMR21CONT</attalias><attrtype Sync="TRUE">Double</attrtype><attwidth Sync="TRUE">19</attwidth><atprecis Sync="TRUE">18</atprecis><attscale Sync="TRUE">8</attscale></attr><attr><attrlabl Sync="TRUE">CMN21CONT</attrlabl><attalias Sync="TRUE">CMN21CONT</attalias><attrtype Sync="TRUE">Double</attrtype><attwidth Sync="TRUE">19</attwidth><atprecis Sync="TRUE">18</atprecis><attscale Sync="TRUE">8</attscale></attr><attr><attrlabl Sync="TRUE">CMAOP21CON</attrlabl><attalias Sync="TRUE">CMAOP21CON</attalias><attrtype Sync="TRUE">Double</attrtype><attwidth Sync="TRUE">19</attwidth><atprecis Sync="TRUE">18</atprecis><attscale Sync="TRUE">8</attscale></attr><attr><attrlabl Sync="TRUE">CMMM21CONT</attrlabl><attalias Sync="TRUE">CMMM21CONT</attalias><attrtype Sync="TRUE">Double</attrtype><attwidth Sync="TRUE">19</attwidth><atprecis Sync="TRUE">18</atprecis><attscale Sync="TRUE">8</attscale></attr><attr><attrlabl Sync="TRUE">CMR22CONT</attrlabl><attalias Sync="TRUE">CMR22CONT</attalias><attrtype Sync="TRUE">Double</attrtype><attwidth Sync="TRUE">19</attwidth><atprecis Sync="TRUE">18</atprecis><attscale Sync="TRUE">10</attscale></attr><attr><attrlabl Sync="TRUE">CMN22CONT</attrlabl><attalias Sync="TRUE">CMN22CONT</attalias><attrtype Sync="TRUE">Double</attrtype><attwidth Sync="TRUE">19</attwidth><atprecis Sync="TRUE">18</atprecis><attscale Sync="TRUE">10</attscale></attr><attr><attrlabl Sync="TRUE">CMAOP22CON</attrlabl><attalias Sync="TRUE">CMAOP22CON</attalias><attrtype Sync="TRUE">Double</attrtype><attwidth Sync="TRUE">19</attwidth><atprecis Sync="TRUE">18</atprecis><attscale Sync="TRUE">10</attscale></attr><attr><attrlabl Sync="TRUE">CMMM22CONT</attrlabl><attalias Sync="TRUE">CMMM22CONT</attalias><attrtype Sync="TRUE">Double</attrtype><attwidth Sync="TRUE">19</attwidth><atprecis Sync="TRUE">18</atprecis><attscale Sync="TRUE">10</attscale></attr><attr><attrlabl Sync="TRUE">CMR23CONT</attrlabl><attalias Sync="TRUE">CMR23CONT</attalias><attrtype Sync="TRUE">Double</attrtype><attwidth Sync="TRUE">19</attwidth><atprecis Sync="TRUE">18</atprecis><attscale Sync="TRUE">10</attscale></attr><attr><attrlabl Sync="TRUE">CMN23CONT</attrlabl><attalias Sync="TRUE">CMN23CONT</attalias><attrtype Sync="TRUE">Double</attrtype><attwidth Sync="TRUE">19</attwidth><atprecis Sync="TRUE">18</atprecis><attscale Sync="TRUE">10</attscale></attr><attr><attrlabl Sync="TRUE">CMAOP23CON</attrlabl><attalias Sync="TRUE">CMAOP23CON</attalias><attrtype Sync="TRUE">Double</attrtype><attwidth Sync="TRUE">19</attwidth><atprecis Sync="TRUE">18</atprecis><attscale Sync="TRUE">10</attscale></attr><attr><attrlabl Sync="TRUE">CMMM23CONT</attrlabl><attalias Sync="TRUE">CMMM23CONT</attalias><attrtype Sync="TRUE">Double</attrtype><attwidth Sync="TRUE">19</attwidth><atprecis Sync="TRUE">18</atprecis><attscale Sync="TRUE">10</attscale></attr><attr><attrlabl Sync="TRUE">CMM18CONT</attrlabl><attalias Sync="TRUE">CMM18CONT</attalias><attrtype Sync="TRUE">Double</attrtype><attwidth Sync="TRUE">19</attwidth><atprecis Sync="TRUE">18</atprecis><attscale Sync="TRUE">10</attscale></attr><attr><attrlabl Sync="TRUE">CMM19CONT</attrlabl><attalias Sync="TRUE">CMM19CONT</attalias><attrtype Sync="TRUE">Double</attrtype><attwidth Sync="TRUE">19</attwidth><atprecis Sync="TRUE">18</atprecis><attscale Sync="TRUE">10</attscale></attr><attr><attrlabl Sync="TRUE">CMM20CONT</attrlabl><attalias Sync="TRUE">CMM20CONT</attalias><attrtype Sync="TRUE">Double</attrtype><attwidth Sync="TRUE">19</attwidth><atprecis Sync="TRUE">18</atprecis><attscale Sync="TRUE">10</attscale></attr><attr><attrlabl Sync="TRUE">CMM21CONT</attrlabl><attalias Sync="TRUE">CMM21CONT</attalias><attrtype Sync="TRUE">Double</attrtype><attwidth Sync="TRUE">19</attwidth><atprecis Sync="TRUE">18</atprecis><attscale Sync="TRUE">10</attscale></attr><attr><attrlabl Sync="TRUE">CMM22CONT</attrlabl><attalias Sync="TRUE">CMM22CONT</attalias><attrtype Sync="TRUE">Double</attrtype><attwidth Sync="TRUE">19</attwidth><atprecis Sync="TRUE">18</atprecis><attscale Sync="TRUE">10</attscale></attr><attr><attrlabl Sync="TRUE">CMM23CONT</attrlabl><attalias Sync="TRUE">CMM23CONT</attalias><attrtype Sync="TRUE">Double</attrtype><attwidth Sync="TRUE">19</attwidth><atprecis Sync="TRUE">18</atprecis><attscale Sync="TRUE">10</attscale></attr><attr><attrlabl Sync="TRUE">CMMVAR</attrlabl><attalias Sync="TRUE">CMMVAR</attalias><attrtype Sync="TRUE">Double</attrtype><attwidth Sync="TRUE">19</attwidth><atprecis Sync="TRUE">18</atprecis><attscale Sync="TRUE">10</attscale></attr><attr><attrlabl Sync="TRUE">CMMTOTAL</attrlabl><attalias Sync="TRUE">CMMTOTAL</attalias><attrtype Sync="TRUE">Double</attrtype><attwidth Sync="TRUE">19</attwidth><atprecis Sync="TRUE">18</atprecis><attscale Sync="TRUE">10</attscale></attr><attr><attrlabl Sync="TRUE">CMR24CONT</attrlabl><attalias Sync="TRUE">CMR24CONT</attalias><attrtype Sync="TRUE">Double</attrtype><attwidth Sync="TRUE">19</attwidth><atprecis Sync="TRUE">18</atprecis><attscale Sync="TRUE">10</attscale></attr><attr><attrlabl Sync="TRUE">CMN24CONT</attrlabl><attalias Sync="TRUE">CMN24CONT</attalias><attrtype Sync="TRUE">Double</attrtype><attwidth Sync="TRUE">19</attwidth><atprecis Sync="TRUE">18</atprecis><attscale Sync="TRUE">10</attscale></attr><attr><attrlabl Sync="TRUE">CMAOP24CON</attrlabl><attalias Sync="TRUE">CMAOP24CON</attalias><attrtype Sync="TRUE">Double</attrtype><attwidth Sync="TRUE">19</attwidth><atprecis Sync="TRUE">18</atprecis><attscale Sync="TRUE">10</attscale></attr><attr><attrlabl Sync="TRUE">CMMM24CONT</attrlabl><attalias Sync="TRUE">CMMM24CONT</attalias><attrtype Sync="TRUE">Double</attrtype><attwidth Sync="TRUE">19</attwidth><atprecis Sync="TRUE">18</atprecis><attscale Sync="TRUE">10</attscale></attr><attr><attrlabl Sync="TRUE">CMM24CONT</attrlabl><attalias Sync="TRUE">CMM24CONT</attalias><attrtype Sync="TRUE">Double</attrtype><attwidth Sync="TRUE">19</attwidth><atprecis Sync="TRUE">18</atprecis><attscale Sync="TRUE">10</attscale></attr><attr><attrlabl Sync="TRUE">SHAPE_AREA</attrlabl><attalias Sync="TRUE">SHAPE_AREA</attalias><attrtype Sync="TRUE">Double</attrtype><attwidth Sync="TRUE">19</attwidth><atprecis Sync="TRUE">0</atprecis><attscale Sync="TRUE">0</attscale><attrdef Sync="TRUE">Area of feature in internal units squared.</attrdef><attrdefs Sync="TRUE">Esri</attrdefs><attrdomv><udom Sync="TRUE">Positive real numbers that are automatically generated.</udom></attrdomv></attr><attr><attrlabl Sync="TRUE">SHAPE_LEN</attrlabl><attalias Sync="TRUE">SHAPE_LEN</attalias><attrtype Sync="TRUE">Double</attrtype><attwidth Sync="TRUE">19</attwidth><atprecis Sync="TRUE">0</atprecis><attscale Sync="TRUE">0</attscale></attr></detailed></eainfo><mdDateSt Sync="TRUE">20250120</mdDateSt></metadata>
