<metadata xml:lang="en"><Esri><CreaDate>20200417</CreaDate><CreaTime>17264000</CreaTime><ArcGISFormat>1.0</ArcGISFormat><SyncOnce>FALSE</SyncOnce><DataProperties><lineage><Process ToolSource="d:\instalacion_argis_2018\server\ArcToolbox\Toolboxes\Conversion Tools.tbx\FeatureClassToFeatureClass" Date="20200417" Time="172640">FeatureClassToFeatureClass D:/Geoprocesos/Queryslayersfiles/IRUPZEneMar20.lyr D:/Geoprocesos/_Conexiones/oaiee@pdbarcgi.sde/OAIEE.Cifras IRUPZ # "CMIUUPLA "CMIUUPLA" true true false 50 Text 0 0 ,First,#,D:/Geoprocesos/Queryslayersfiles/IRUPZEneMar20.lyr,CMIUUPLA,-1,-1;CMNOMUPLA "CMNOMUPLA" true true false 500 Text 0 0 ,First,#,D:/Geoprocesos/Queryslayersfiles/IRUPZEneMar20.lyr,CMNOMUPLA,-1,-1;CMMES "CMMES" true true false 7 Text 0 0 ,First,#,D:/Geoprocesos/Queryslayersfiles/IRUPZEneMar20.lyr,CMMES,-1,-1;CMR18CONT "CMR18CONT" true true false 8 Double 10 38 ,First,#,D:/Geoprocesos/Queryslayersfiles/IRUPZEneMar20.lyr,CMR18CONT,-1,-1;CMR19CONT "CMR19CONT" true true false 8 Double 10 38 ,First,#,D:/Geoprocesos/Queryslayersfiles/IRUPZEneMar20.lyr,CMR19CONT,-1,-1;CMR20CONT "CMR20CONT" true true false 8 Double 10 38 ,First,#,D:/Geoprocesos/Queryslayersfiles/IRUPZEneMar20.lyr,CMR20CONT,-1,-1;CMRVAR "CMRVAR" true true false 8 Double 10 38 ,First,#,D:/Geoprocesos/Queryslayersfiles/IRUPZEneMar20.lyr,CMRVAR,-1,-1;CMRTOTAL "CMRTOTAL" true true false 8 Double 10 38 ,First,#,D:/Geoprocesos/Queryslayersfiles/IRUPZEneMar20.lyr,CMRTOTAL,-1,-1;CMN18CONT "CMN18CONT" true true false 8 Double 10 38 ,First,#,D:/Geoprocesos/Queryslayersfiles/IRUPZEneMar20.lyr,CMN18CONT,-1,-1;CMN19CONT "CMN19CONT" true true false 8 Double 10 38 ,First,#,D:/Geoprocesos/Queryslayersfiles/IRUPZEneMar20.lyr,CMN19CONT,-1,-1;CMN20CONT "CMN20CONT" true true false 8 Double 10 38 ,First,#,D:/Geoprocesos/Queryslayersfiles/IRUPZEneMar20.lyr,CMN20CONT,-1,-1;CMNVAR "CMNVAR" true true false 8 Double 10 38 ,First,#,D:/Geoprocesos/Queryslayersfiles/IRUPZEneMar20.lyr,CMNVAR,-1,-1;CMNTOTAL "CMNTOTAL" true true false 8 Double 10 38 ,First,#,D:/Geoprocesos/Queryslayersfiles/IRUPZEneMar20.lyr,CMNTOTAL,-1,-1;CMAOP18CONT "CMAOP18CONT" true true false 8 Double 10 38 ,First,#,D:/Geoprocesos/Queryslayersfiles/IRUPZEneMar20.lyr,CMAOP18CONT,-1,-1;CMAOP19CONT "CMAOP19CONT" true true false 8 Double 10 38 ,First,#,D:/Geoprocesos/Queryslayersfiles/IRUPZEneMar20.lyr,CMAOP19CONT,-1,-1;CMAOP20CONT "CMAOP20CONT" true true false 8 Double 10 38 ,First,#,D:/Geoprocesos/Queryslayersfiles/IRUPZEneMar20.lyr,CMAOP20CONT,-1,-1;CMAOPVAR "CMAOPVAR" true true false 8 Double 10 38 ,First,#,D:/Geoprocesos/Queryslayersfiles/IRUPZEneMar20.lyr,CMAOPVAR,-1,-1;CMAOPTOTAL "CMAOPTOTAL" true true false 8 Double 10 38 ,First,#,D:/Geoprocesos/Queryslayersfiles/IRUPZEneMar20.lyr,CMAOPTOTAL,-1,-1" #</Process><Process ToolSource="d:\instalacion_argis_2018\server\ArcToolbox\Toolboxes\Data Management Tools.tbx\AlterField" Date="20200420" Time="105349">AlterField D:/Geoprocesos/_Conexiones/oaiee@pdbarcgi.sde/OAIEE.Cifras/OAIEE.IRUPZ CMR18CONT # "Total Riñas 2018" DOUBLE 8 NULLABLE false</Process><Process ToolSource="d:\instalacion_argis_2018\server\ArcToolbox\Toolboxes\Data Management Tools.tbx\AlterField" Date="20200420" Time="105350">AlterField D:/Geoprocesos/_Conexiones/oaiee@pdbarcgi.sde/OAIEE.Cifras/OAIEE.IRUPZ CMR19CONT # "Total Riñas 2019" DOUBLE 8 NULLABLE false</Process><Process ToolSource="d:\instalacion_argis_2018\server\ArcToolbox\Toolboxes\Data Management Tools.tbx\AlterField" Date="20200420" Time="105351">AlterField D:/Geoprocesos/_Conexiones/oaiee@pdbarcgi.sde/OAIEE.Cifras/OAIEE.IRUPZ CMR20CONT # "Total Riñas 2020" DOUBLE 8 NULLABLE false</Process><Process ToolSource="d:\instalacion_argis_2018\server\ArcToolbox\Toolboxes\Data Management Tools.tbx\AlterField" Date="20200420" Time="105352">AlterField D:/Geoprocesos/_Conexiones/oaiee@pdbarcgi.sde/OAIEE.Cifras/OAIEE.IRUPZ CMRVAR # "Variación  Riñas 2019-2020 %" DOUBLE 8 NULLABLE false</Process><Process ToolSource="d:\instalacion_argis_2018\server\ArcToolbox\Toolboxes\Data Management Tools.tbx\AlterField" Date="20200420" Time="105353">AlterField D:/Geoprocesos/_Conexiones/oaiee@pdbarcgi.sde/OAIEE.Cifras/OAIEE.IRUPZ CMRTOTAL # "Total Riñas 2020 Bogot? D.C." DOUBLE 8 NULLABLE false</Process><Process ToolSource="d:\instalacion_argis_2018\server\ArcToolbox\Toolboxes\Data Management Tools.tbx\AlterField" Date="20200420" Time="105354">AlterField D:/Geoprocesos/_Conexiones/oaiee@pdbarcgi.sde/OAIEE.Cifras/OAIEE.IRUPZ CMN18CONT # "Total Narcóticos 2018" DOUBLE 8 NULLABLE false</Process><Process ToolSource="d:\instalacion_argis_2018\server\ArcToolbox\Toolboxes\Data Management Tools.tbx\AlterField" Date="20200420" Time="105354">AlterField D:/Geoprocesos/_Conexiones/oaiee@pdbarcgi.sde/OAIEE.Cifras/OAIEE.IRUPZ CMN19CONT # "Total Narcóticos 2019" DOUBLE 8 NULLABLE false</Process><Process ToolSource="d:\instalacion_argis_2018\server\ArcToolbox\Toolboxes\Data Management Tools.tbx\AlterField" Date="20200420" Time="105355">AlterField D:/Geoprocesos/_Conexiones/oaiee@pdbarcgi.sde/OAIEE.Cifras/OAIEE.IRUPZ CMN20CONT # "Total Narcóticos 2020" DOUBLE 8 NULLABLE false</Process><Process ToolSource="d:\instalacion_argis_2018\server\ArcToolbox\Toolboxes\Data Management Tools.tbx\AlterField" Date="20200420" Time="105356">AlterField D:/Geoprocesos/_Conexiones/oaiee@pdbarcgi.sde/OAIEE.Cifras/OAIEE.IRUPZ CMNVAR # "Variación  Narcóticos 2019-2020 %" DOUBLE 8 NULLABLE false</Process><Process ToolSource="d:\instalacion_argis_2018\server\ArcToolbox\Toolboxes\Data Management Tools.tbx\AlterField" Date="20200420" Time="105357">AlterField D:/Geoprocesos/_Conexiones/oaiee@pdbarcgi.sde/OAIEE.Cifras/OAIEE.IRUPZ CMNTOTAL # "Total Narcóticos 2020 Bogot? D.C." DOUBLE 8 NULLABLE false</Process><Process ToolSource="d:\instalacion_argis_2018\server\ArcToolbox\Toolboxes\Data Management Tools.tbx\AlterField" Date="20200420" Time="105358">AlterField D:/Geoprocesos/_Conexiones/oaiee@pdbarcgi.sde/OAIEE.Cifras/OAIEE.IRUPZ CMAOP18CONT # "Total Alteración Orden Público 2018" DOUBLE 8 NULLABLE false</Process><Process ToolSource="d:\instalacion_argis_2018\server\ArcToolbox\Toolboxes\Data Management Tools.tbx\AlterField" Date="20200420" Time="105358">AlterField D:/Geoprocesos/_Conexiones/oaiee@pdbarcgi.sde/OAIEE.Cifras/OAIEE.IRUPZ CMAOP19CONT # "Total Alteración Orden Público 2019" DOUBLE 8 NULLABLE false</Process><Process ToolSource="d:\instalacion_argis_2018\server\ArcToolbox\Toolboxes\Data Management Tools.tbx\AlterField" Date="20200420" Time="105359">AlterField D:/Geoprocesos/_Conexiones/oaiee@pdbarcgi.sde/OAIEE.Cifras/OAIEE.IRUPZ CMAOP20CONT # "Total Alteración Orden Público 2020" DOUBLE 8 NULLABLE false</Process><Process ToolSource="d:\instalacion_argis_2018\server\ArcToolbox\Toolboxes\Data Management Tools.tbx\AlterField" Date="20200420" Time="105400">AlterField D:/Geoprocesos/_Conexiones/oaiee@pdbarcgi.sde/OAIEE.Cifras/OAIEE.IRUPZ CMAOPVAR # "Variación  Alteración Orden Público 2019-2020 %" DOUBLE 8 NULLABLE false</Process><Process ToolSource="d:\instalacion_argis_2018\server\ArcToolbox\Toolboxes\Data Management Tools.tbx\AlterField" Date="20200420" Time="105401">AlterField D:/Geoprocesos/_Conexiones/oaiee@pdbarcgi.sde/OAIEE.Cifras/OAIEE.IRUPZ CMAOPTOTAL # "Total Alteración Orden Público 2020 Bogot? D.C." DOUBLE 8 NULLABLE false</Process><Process ToolSource="d:\instalacion_argis_2018\server\ArcToolbox\Toolboxes\Data Management Tools.tbx\AlterField" Date="20200420" Time="105401">AlterField D:/Geoprocesos/_Conexiones/oaiee@pdbarcgi.sde/OAIEE.Cifras/OAIEE.IRUPZ CMIUUPLA # "Código upz" TEXT 50 NULLABLE false</Process><Process ToolSource="d:\instalacion_argis_2018\server\ArcToolbox\Toolboxes\Data Management Tools.tbx\AlterField" Date="20200420" Time="105402">AlterField D:/Geoprocesos/_Conexiones/oaiee@pdbarcgi.sde/OAIEE.Cifras/OAIEE.IRUPZ CMNOMUPLA # "Nombre upz" TEXT 500 NULLABLE false</Process><Process ToolSource="d:\instalacion_argis_2018\server\ArcToolbox\Toolboxes\Data Management Tools.tbx\AlterField" Date="20200420" Time="105403">AlterField D:/Geoprocesos/_Conexiones/oaiee@pdbarcgi.sde/OAIEE.Cifras/OAIEE.IRUPZ CMMES # Mes TEXT 7 NULLABLE false</Process><Process ToolSource="d:\instalacion_argis_2018\server\ArcToolbox\Toolboxes\Data Management Tools.tbx\AlterField" Date="20200420" Time="110739">AlterField D:/Geoprocesos/_Conexiones/oaiee@pdbarcgi.sde/OAIEE.Cifras/OAIEE.IRUPZ CMR18CONT # "Total Riñas 2018" DOUBLE 8 NULLABLE false</Process><Process ToolSource="d:\instalacion_argis_2018\server\ArcToolbox\Toolboxes\Data Management Tools.tbx\AlterField" Date="20200420" Time="110740">AlterField D:/Geoprocesos/_Conexiones/oaiee@pdbarcgi.sde/OAIEE.Cifras/OAIEE.IRUPZ CMR19CONT # "Total Riñas 2019" DOUBLE 8 NULLABLE false</Process><Process ToolSource="d:\instalacion_argis_2018\server\ArcToolbox\Toolboxes\Data Management Tools.tbx\AlterField" Date="20200420" Time="110741">AlterField D:/Geoprocesos/_Conexiones/oaiee@pdbarcgi.sde/OAIEE.Cifras/OAIEE.IRUPZ CMR20CONT # "Total Riñas 2020" DOUBLE 8 NULLABLE false</Process><Process ToolSource="d:\instalacion_argis_2018\server\ArcToolbox\Toolboxes\Data Management Tools.tbx\AlterField" Date="20200420" Time="110742">AlterField D:/Geoprocesos/_Conexiones/oaiee@pdbarcgi.sde/OAIEE.Cifras/OAIEE.IRUPZ CMRVAR # "Variación  Riñas 2019-2020 %" DOUBLE 8 NULLABLE false</Process><Process ToolSource="d:\instalacion_argis_2018\server\ArcToolbox\Toolboxes\Data Management Tools.tbx\AlterField" Date="20200420" Time="110742">AlterField D:/Geoprocesos/_Conexiones/oaiee@pdbarcgi.sde/OAIEE.Cifras/OAIEE.IRUPZ CMRTOTAL # "Total Riñas 2020 Bogot? D.C." DOUBLE 8 NULLABLE false</Process><Process ToolSource="d:\instalacion_argis_2018\server\ArcToolbox\Toolboxes\Data Management Tools.tbx\AlterField" Date="20200420" Time="110743">AlterField D:/Geoprocesos/_Conexiones/oaiee@pdbarcgi.sde/OAIEE.Cifras/OAIEE.IRUPZ CMN18CONT # "Total Narcóticos 2018" DOUBLE 8 NULLABLE false</Process><Process ToolSource="d:\instalacion_argis_2018\server\ArcToolbox\Toolboxes\Data Management Tools.tbx\AlterField" Date="20200420" Time="110744">AlterField D:/Geoprocesos/_Conexiones/oaiee@pdbarcgi.sde/OAIEE.Cifras/OAIEE.IRUPZ CMN19CONT # "Total Narcóticos 2019" DOUBLE 8 NULLABLE false</Process><Process ToolSource="d:\instalacion_argis_2018\server\ArcToolbox\Toolboxes\Data Management Tools.tbx\AlterField" Date="20200420" Time="110745">AlterField D:/Geoprocesos/_Conexiones/oaiee@pdbarcgi.sde/OAIEE.Cifras/OAIEE.IRUPZ CMN20CONT # "Total Narcóticos 2020" DOUBLE 8 NULLABLE false</Process><Process ToolSource="d:\instalacion_argis_2018\server\ArcToolbox\Toolboxes\Data Management Tools.tbx\AlterField" Date="20200420" Time="110745">AlterField D:/Geoprocesos/_Conexiones/oaiee@pdbarcgi.sde/OAIEE.Cifras/OAIEE.IRUPZ CMNVAR # "Variación  Narcóticos 2019-2020 %" DOUBLE 8 NULLABLE false</Process><Process ToolSource="d:\instalacion_argis_2018\server\ArcToolbox\Toolboxes\Data Management Tools.tbx\AlterField" Date="20200420" Time="110746">AlterField D:/Geoprocesos/_Conexiones/oaiee@pdbarcgi.sde/OAIEE.Cifras/OAIEE.IRUPZ CMNTOTAL # "Total Narcóticos 2020 Bogot? D.C." DOUBLE 8 NULLABLE false</Process><Process ToolSource="d:\instalacion_argis_2018\server\ArcToolbox\Toolboxes\Data Management Tools.tbx\AlterField" Date="20200420" Time="110747">AlterField D:/Geoprocesos/_Conexiones/oaiee@pdbarcgi.sde/OAIEE.Cifras/OAIEE.IRUPZ CMAOP18CONT # "Total Alteración Orden Público 2018" DOUBLE 8 NULLABLE false</Process><Process ToolSource="d:\instalacion_argis_2018\server\ArcToolbox\Toolboxes\Data Management Tools.tbx\AlterField" Date="20200420" Time="110748">AlterField D:/Geoprocesos/_Conexiones/oaiee@pdbarcgi.sde/OAIEE.Cifras/OAIEE.IRUPZ CMAOP19CONT # "Total Alteración Orden Público 2019" DOUBLE 8 NULLABLE false</Process><Process ToolSource="d:\instalacion_argis_2018\server\ArcToolbox\Toolboxes\Data Management Tools.tbx\AlterField" Date="20200420" Time="110748">AlterField D:/Geoprocesos/_Conexiones/oaiee@pdbarcgi.sde/OAIEE.Cifras/OAIEE.IRUPZ CMAOP20CONT # "Total Alteración Orden Público 2020" DOUBLE 8 NULLABLE false</Process><Process ToolSource="d:\instalacion_argis_2018\server\ArcToolbox\Toolboxes\Data Management Tools.tbx\AlterField" Date="20200420" Time="110749">AlterField D:/Geoprocesos/_Conexiones/oaiee@pdbarcgi.sde/OAIEE.Cifras/OAIEE.IRUPZ CMAOPVAR # "Variación  Alteración Orden Público 2019-2020 %" DOUBLE 8 NULLABLE false</Process><Process ToolSource="d:\instalacion_argis_2018\server\ArcToolbox\Toolboxes\Data Management Tools.tbx\AlterField" Date="20200420" Time="110750">AlterField D:/Geoprocesos/_Conexiones/oaiee@pdbarcgi.sde/OAIEE.Cifras/OAIEE.IRUPZ CMAOPTOTAL # "Total Alteración Orden Público 2020 Bogot? D.C." DOUBLE 8 NULLABLE false</Process><Process ToolSource="d:\instalacion_argis_2018\server\ArcToolbox\Toolboxes\Data Management Tools.tbx\AlterField" Date="20200420" Time="110750">AlterField D:/Geoprocesos/_Conexiones/oaiee@pdbarcgi.sde/OAIEE.Cifras/OAIEE.IRUPZ CMIUUPLA # "Código upz" TEXT 50 NULLABLE false</Process><Process ToolSource="d:\instalacion_argis_2018\server\ArcToolbox\Toolboxes\Data Management Tools.tbx\AlterField" Date="20200420" Time="110751">AlterField D:/Geoprocesos/_Conexiones/oaiee@pdbarcgi.sde/OAIEE.Cifras/OAIEE.IRUPZ CMNOMUPLA # "Nombre upz" TEXT 500 NULLABLE false</Process><Process ToolSource="d:\instalacion_argis_2018\server\ArcToolbox\Toolboxes\Data Management Tools.tbx\AlterField" Date="20200420" Time="110752">AlterField D:/Geoprocesos/_Conexiones/oaiee@pdbarcgi.sde/OAIEE.Cifras/OAIEE.IRUPZ CMMES # Mes TEXT 7 NULLABLE false</Process><Process ToolSource="d:\instalacion_argis_2018\server\ArcToolbox\Toolboxes\Data Management Tools.tbx\AlterField" Date="20200420" Time="112302">AlterField D:/Geoprocesos/_Conexiones/oaiee@pdbarcgi.sde/OAIEE.Cifras/OAIEE.IRUPZ CMR18CONT # "Total Riñas 2018" DOUBLE 8 NULLABLE false</Process><Process ToolSource="d:\instalacion_argis_2018\server\ArcToolbox\Toolboxes\Data Management Tools.tbx\AlterField" Date="20200420" Time="112303">AlterField D:/Geoprocesos/_Conexiones/oaiee@pdbarcgi.sde/OAIEE.Cifras/OAIEE.IRUPZ CMR19CONT # "Total Riñas 2019" DOUBLE 8 NULLABLE false</Process><Process ToolSource="d:\instalacion_argis_2018\server\ArcToolbox\Toolboxes\Data Management Tools.tbx\AlterField" Date="20200420" Time="112304">AlterField D:/Geoprocesos/_Conexiones/oaiee@pdbarcgi.sde/OAIEE.Cifras/OAIEE.IRUPZ CMR20CONT # "Total Riñas 2020" DOUBLE 8 NULLABLE false</Process><Process ToolSource="d:\instalacion_argis_2018\server\ArcToolbox\Toolboxes\Data Management Tools.tbx\AlterField" Date="20200420" Time="112304">AlterField D:/Geoprocesos/_Conexiones/oaiee@pdbarcgi.sde/OAIEE.Cifras/OAIEE.IRUPZ CMRVAR # "Variación  Riñas 2019-2020 %" DOUBLE 8 NULLABLE false</Process><Process ToolSource="d:\instalacion_argis_2018\server\ArcToolbox\Toolboxes\Data Management Tools.tbx\AlterField" Date="20200420" Time="112305">AlterField D:/Geoprocesos/_Conexiones/oaiee@pdbarcgi.sde/OAIEE.Cifras/OAIEE.IRUPZ CMRTOTAL # "Total Riñas 2020 Bogot? D.C." DOUBLE 8 NULLABLE false</Process><Process ToolSource="d:\instalacion_argis_2018\server\ArcToolbox\Toolboxes\Data Management Tools.tbx\AlterField" Date="20200420" Time="112306">AlterField D:/Geoprocesos/_Conexiones/oaiee@pdbarcgi.sde/OAIEE.Cifras/OAIEE.IRUPZ CMN18CONT # "Total Narcóticos 2018" DOUBLE 8 NULLABLE false</Process><Process ToolSource="d:\instalacion_argis_2018\server\ArcToolbox\Toolboxes\Data Management Tools.tbx\AlterField" Date="20200420" Time="112307">AlterField D:/Geoprocesos/_Conexiones/oaiee@pdbarcgi.sde/OAIEE.Cifras/OAIEE.IRUPZ CMN19CONT # "Total Narcóticos 2019" DOUBLE 8 NULLABLE false</Process><Process ToolSource="d:\instalacion_argis_2018\server\ArcToolbox\Toolboxes\Data Management Tools.tbx\AlterField" Date="20200420" Time="112307">AlterField D:/Geoprocesos/_Conexiones/oaiee@pdbarcgi.sde/OAIEE.Cifras/OAIEE.IRUPZ CMN20CONT # "Total Narcóticos 2020" DOUBLE 8 NULLABLE false</Process><Process ToolSource="d:\instalacion_argis_2018\server\ArcToolbox\Toolboxes\Data Management Tools.tbx\AlterField" Date="20200420" Time="112308">AlterField D:/Geoprocesos/_Conexiones/oaiee@pdbarcgi.sde/OAIEE.Cifras/OAIEE.IRUPZ CMNVAR # "Variación  Narcóticos 2019-2020 %" DOUBLE 8 NULLABLE false</Process><Process ToolSource="d:\instalacion_argis_2018\server\ArcToolbox\Toolboxes\Data Management Tools.tbx\AlterField" Date="20200420" Time="112309">AlterField D:/Geoprocesos/_Conexiones/oaiee@pdbarcgi.sde/OAIEE.Cifras/OAIEE.IRUPZ CMNTOTAL # "Total Narcóticos 2020 Bogot? D.C." DOUBLE 8 NULLABLE false</Process><Process ToolSource="d:\instalacion_argis_2018\server\ArcToolbox\Toolboxes\Data Management Tools.tbx\AlterField" Date="20200420" Time="112309">AlterField D:/Geoprocesos/_Conexiones/oaiee@pdbarcgi.sde/OAIEE.Cifras/OAIEE.IRUPZ CMAOP18CONT # "Total Alteración Orden Público 2018" DOUBLE 8 NULLABLE false</Process><Process ToolSource="d:\instalacion_argis_2018\server\ArcToolbox\Toolboxes\Data Management Tools.tbx\AlterField" Date="20200420" Time="112310">AlterField D:/Geoprocesos/_Conexiones/oaiee@pdbarcgi.sde/OAIEE.Cifras/OAIEE.IRUPZ CMAOP19CONT # "Total Alteración Orden Público 2019" DOUBLE 8 NULLABLE false</Process><Process ToolSource="d:\instalacion_argis_2018\server\ArcToolbox\Toolboxes\Data Management Tools.tbx\AlterField" Date="20200420" Time="112311">AlterField D:/Geoprocesos/_Conexiones/oaiee@pdbarcgi.sde/OAIEE.Cifras/OAIEE.IRUPZ CMAOP20CONT # "Total Alteración Orden Público 2020" DOUBLE 8 NULLABLE false</Process><Process ToolSource="d:\instalacion_argis_2018\server\ArcToolbox\Toolboxes\Data Management Tools.tbx\AlterField" Date="20200420" Time="112312">AlterField D:/Geoprocesos/_Conexiones/oaiee@pdbarcgi.sde/OAIEE.Cifras/OAIEE.IRUPZ CMAOPVAR # "Variación  Alteración Orden Público 2019-2020 %" DOUBLE 8 NULLABLE false</Process><Process ToolSource="d:\instalacion_argis_2018\server\ArcToolbox\Toolboxes\Data Management Tools.tbx\AlterField" Date="20200420" Time="112313">AlterField D:/Geoprocesos/_Conexiones/oaiee@pdbarcgi.sde/OAIEE.Cifras/OAIEE.IRUPZ CMAOPTOTAL # "Total Alteración Orden Público 2020 Bogot? D.C." DOUBLE 8 NULLABLE false</Process><Process ToolSource="d:\instalacion_argis_2018\server\ArcToolbox\Toolboxes\Data Management Tools.tbx\AlterField" Date="20200420" Time="112313">AlterField D:/Geoprocesos/_Conexiones/oaiee@pdbarcgi.sde/OAIEE.Cifras/OAIEE.IRUPZ CMIUUPLA # "Código upz" TEXT 50 NULLABLE false</Process><Process ToolSource="d:\instalacion_argis_2018\server\ArcToolbox\Toolboxes\Data Management Tools.tbx\AlterField" Date="20200420" Time="112314">AlterField D:/Geoprocesos/_Conexiones/oaiee@pdbarcgi.sde/OAIEE.Cifras/OAIEE.IRUPZ CMNOMUPLA # "Nombre upz" TEXT 500 NULLABLE false</Process><Process ToolSource="d:\instalacion_argis_2018\server\ArcToolbox\Toolboxes\Data Management Tools.tbx\AlterField" Date="20200420" Time="112315">AlterField D:/Geoprocesos/_Conexiones/oaiee@pdbarcgi.sde/OAIEE.Cifras/OAIEE.IRUPZ CMMES # Mes TEXT 7 NULLABLE false</Process><Process ToolSource="d:\instalacion_argis_2018\server\ArcToolbox\Toolboxes\Data Management Tools.tbx\AlterField" Date="20200420" Time="113815">AlterField D:/Geoprocesos/_Conexiones/oaiee@pdbarcgi.sde/OAIEE.Cifras/OAIEE.IRUPZ CMR18CONT # "Total Riñas 2018" DOUBLE 8 NULLABLE false</Process><Process ToolSource="d:\instalacion_argis_2018\server\ArcToolbox\Toolboxes\Data Management Tools.tbx\AlterField" Date="20200420" Time="113815">AlterField D:/Geoprocesos/_Conexiones/oaiee@pdbarcgi.sde/OAIEE.Cifras/OAIEE.IRUPZ CMR19CONT # "Total Riñas 2019" DOUBLE 8 NULLABLE false</Process><Process ToolSource="d:\instalacion_argis_2018\server\ArcToolbox\Toolboxes\Data Management Tools.tbx\AlterField" Date="20200420" Time="113816">AlterField D:/Geoprocesos/_Conexiones/oaiee@pdbarcgi.sde/OAIEE.Cifras/OAIEE.IRUPZ CMR20CONT # "Total Riñas 2020" DOUBLE 8 NULLABLE false</Process><Process ToolSource="d:\instalacion_argis_2018\server\ArcToolbox\Toolboxes\Data Management Tools.tbx\AlterField" Date="20200420" Time="113817">AlterField D:/Geoprocesos/_Conexiones/oaiee@pdbarcgi.sde/OAIEE.Cifras/OAIEE.IRUPZ CMRVAR # "Variación  Riñas 2019-2020 %" DOUBLE 8 NULLABLE false</Process><Process ToolSource="d:\instalacion_argis_2018\server\ArcToolbox\Toolboxes\Data Management Tools.tbx\AlterField" Date="20200420" Time="113818">AlterField D:/Geoprocesos/_Conexiones/oaiee@pdbarcgi.sde/OAIEE.Cifras/OAIEE.IRUPZ CMRTOTAL # "Total Riñas 2020 Bogotá D.C." DOUBLE 8 NULLABLE false</Process><Process ToolSource="d:\instalacion_argis_2018\server\ArcToolbox\Toolboxes\Data Management Tools.tbx\AlterField" Date="20200420" Time="113818">AlterField D:/Geoprocesos/_Conexiones/oaiee@pdbarcgi.sde/OAIEE.Cifras/OAIEE.IRUPZ CMN18CONT # "Total Narcóticos 2018" DOUBLE 8 NULLABLE false</Process><Process ToolSource="d:\instalacion_argis_2018\server\ArcToolbox\Toolboxes\Data Management Tools.tbx\AlterField" Date="20200420" Time="113819">AlterField D:/Geoprocesos/_Conexiones/oaiee@pdbarcgi.sde/OAIEE.Cifras/OAIEE.IRUPZ CMN19CONT # "Total Narcóticos 2019" DOUBLE 8 NULLABLE false</Process><Process ToolSource="d:\instalacion_argis_2018\server\ArcToolbox\Toolboxes\Data Management Tools.tbx\AlterField" Date="20200420" Time="113820">AlterField D:/Geoprocesos/_Conexiones/oaiee@pdbarcgi.sde/OAIEE.Cifras/OAIEE.IRUPZ CMN20CONT # "Total Narcóticos 2020" DOUBLE 8 NULLABLE false</Process><Process ToolSource="d:\instalacion_argis_2018\server\ArcToolbox\Toolboxes\Data Management Tools.tbx\AlterField" Date="20200420" Time="113820">AlterField D:/Geoprocesos/_Conexiones/oaiee@pdbarcgi.sde/OAIEE.Cifras/OAIEE.IRUPZ CMNVAR # "Variación  Narcóticos 2019-2020 %" DOUBLE 8 NULLABLE false</Process><Process ToolSource="d:\instalacion_argis_2018\server\ArcToolbox\Toolboxes\Data Management Tools.tbx\AlterField" Date="20200420" Time="113821">AlterField D:/Geoprocesos/_Conexiones/oaiee@pdbarcgi.sde/OAIEE.Cifras/OAIEE.IRUPZ CMNTOTAL # "Total Narcóticos 2020 Bogotá D.C." DOUBLE 8 NULLABLE false</Process><Process ToolSource="d:\instalacion_argis_2018\server\ArcToolbox\Toolboxes\Data Management Tools.tbx\AlterField" Date="20200420" Time="113822">AlterField D:/Geoprocesos/_Conexiones/oaiee@pdbarcgi.sde/OAIEE.Cifras/OAIEE.IRUPZ CMAOP18CONT # "Total Alteración Orden Público 2018" DOUBLE 8 NULLABLE false</Process><Process ToolSource="d:\instalacion_argis_2018\server\ArcToolbox\Toolboxes\Data Management Tools.tbx\AlterField" Date="20200420" Time="113823">AlterField D:/Geoprocesos/_Conexiones/oaiee@pdbarcgi.sde/OAIEE.Cifras/OAIEE.IRUPZ CMAOP19CONT # "Total Alteración Orden Público 2019" DOUBLE 8 NULLABLE false</Process><Process ToolSource="d:\instalacion_argis_2018\server\ArcToolbox\Toolboxes\Data Management Tools.tbx\AlterField" Date="20200420" Time="113824">AlterField D:/Geoprocesos/_Conexiones/oaiee@pdbarcgi.sde/OAIEE.Cifras/OAIEE.IRUPZ CMAOP20CONT # "Total Alteración Orden Público 2020" DOUBLE 8 NULLABLE false</Process><Process ToolSource="d:\instalacion_argis_2018\server\ArcToolbox\Toolboxes\Data Management Tools.tbx\AlterField" Date="20200420" Time="113824">AlterField D:/Geoprocesos/_Conexiones/oaiee@pdbarcgi.sde/OAIEE.Cifras/OAIEE.IRUPZ CMAOPVAR # "Variación  Alteración Orden Público 2019-2020 %" DOUBLE 8 NULLABLE false</Process><Process ToolSource="d:\instalacion_argis_2018\server\ArcToolbox\Toolboxes\Data Management Tools.tbx\AlterField" Date="20200420" Time="113825">AlterField D:/Geoprocesos/_Conexiones/oaiee@pdbarcgi.sde/OAIEE.Cifras/OAIEE.IRUPZ CMAOPTOTAL # "Total Alteración Orden Público 2020 Bogotá D.C." DOUBLE 8 NULLABLE false</Process><Process ToolSource="d:\instalacion_argis_2018\server\ArcToolbox\Toolboxes\Data Management Tools.tbx\AlterField" Date="20200420" Time="113826">AlterField D:/Geoprocesos/_Conexiones/oaiee@pdbarcgi.sde/OAIEE.Cifras/OAIEE.IRUPZ CMIUUPLA # "Código upz" TEXT 50 NULLABLE false</Process><Process ToolSource="d:\instalacion_argis_2018\server\ArcToolbox\Toolboxes\Data Management Tools.tbx\AlterField" Date="20200420" Time="113827">AlterField D:/Geoprocesos/_Conexiones/oaiee@pdbarcgi.sde/OAIEE.Cifras/OAIEE.IRUPZ CMNOMUPLA # "Nombre upz" TEXT 500 NULLABLE false</Process><Process ToolSource="d:\instalacion_argis_2018\server\ArcToolbox\Toolboxes\Data Management Tools.tbx\AlterField" Date="20200420" Time="113827">AlterField D:/Geoprocesos/_Conexiones/oaiee@pdbarcgi.sde/OAIEE.Cifras/OAIEE.IRUPZ CMMES # Mes TEXT 7 NULLABLE false</Process><Process ToolSource="d:\instalacion_argis_2018\server\ArcToolbox\Toolboxes\Data Management Tools.tbx\AddField" Date="20200616" Time="161338">AddField D:/Geoprocesos/_Conexiones/oaiee@pdbarcgi.sde/OAIEE.Cifras/OAIEE.IRUPZ CMDS18Cont DOUBLE 38 10 # "Total Delitos Sexuales 2018" NULLABLE NON_REQUIRED #</Process><Process ToolSource="d:\instalacion_argis_2018\server\ArcToolbox\Toolboxes\Data Management Tools.tbx\AddField" Date="20200616" Time="161339">AddField D:/Geoprocesos/_Conexiones/oaiee@pdbarcgi.sde/OAIEE.Cifras/OAIEE.IRUPZ CMDS19Cont DOUBLE 38 10 # "Total Delitos Sexuales 2019" NULLABLE NON_REQUIRED #</Process><Process ToolSource="d:\instalacion_argis_2018\server\ArcToolbox\Toolboxes\Data Management Tools.tbx\AddField" Date="20200616" Time="161340">AddField D:/Geoprocesos/_Conexiones/oaiee@pdbarcgi.sde/OAIEE.Cifras/OAIEE.IRUPZ CMDS20Cont DOUBLE 38 10 # "Total Delitos Sexuales 2020" NULLABLE NON_REQUIRED #</Process><Process ToolSource="d:\instalacion_argis_2018\server\ArcToolbox\Toolboxes\Data Management Tools.tbx\AddField" Date="20200616" Time="161341">AddField D:/Geoprocesos/_Conexiones/oaiee@pdbarcgi.sde/OAIEE.Cifras/OAIEE.IRUPZ CMDSVar DOUBLE 38 10 # "Variaci?n  Delitos Sexuales 2019-2020 %" NULLABLE NON_REQUIRED #</Process><Process ToolSource="d:\instalacion_argis_2018\server\ArcToolbox\Toolboxes\Data Management Tools.tbx\AddField" Date="20200616" Time="161342">AddField D:/Geoprocesos/_Conexiones/oaiee@pdbarcgi.sde/OAIEE.Cifras/OAIEE.IRUPZ CMDSTOTAL DOUBLE 38 10 # "Total Delitos Sexuales 2020 Bogot? D.C." NULLABLE NON_REQUIRED #</Process><Process ToolSource="d:\instalacion_argis_2018\server\ArcToolbox\Toolboxes\Data Management Tools.tbx\AddField" Date="20200616" Time="161342">AddField D:/Geoprocesos/_Conexiones/oaiee@pdbarcgi.sde/OAIEE.Cifras/OAIEE.IRUPZ CMVI18Cont DOUBLE 38 10 # "Total Violencia intrafamiliar 2018" NULLABLE NON_REQUIRED #</Process><Process ToolSource="d:\instalacion_argis_2018\server\ArcToolbox\Toolboxes\Data Management Tools.tbx\AddField" Date="20200616" Time="161343">AddField D:/Geoprocesos/_Conexiones/oaiee@pdbarcgi.sde/OAIEE.Cifras/OAIEE.IRUPZ CMVI19Cont DOUBLE 38 10 # "Total Violencia intrafamiliar 2019" NULLABLE NON_REQUIRED #</Process><Process ToolSource="d:\instalacion_argis_2018\server\ArcToolbox\Toolboxes\Data Management Tools.tbx\AddField" Date="20200616" Time="161344">AddField D:/Geoprocesos/_Conexiones/oaiee@pdbarcgi.sde/OAIEE.Cifras/OAIEE.IRUPZ CMVI20Cont DOUBLE 38 10 # "Total Violencia intrafamiliar 2020" NULLABLE NON_REQUIRED #</Process><Process ToolSource="d:\instalacion_argis_2018\server\ArcToolbox\Toolboxes\Data Management Tools.tbx\AddField" Date="20200616" Time="161345">AddField D:/Geoprocesos/_Conexiones/oaiee@pdbarcgi.sde/OAIEE.Cifras/OAIEE.IRUPZ CMVIVar DOUBLE 38 10 # "Variaci?n  Violencia intrafamiliar 2019-2020 %" NULLABLE NON_REQUIRED #</Process><Process ToolSource="d:\instalacion_argis_2018\server\ArcToolbox\Toolboxes\Data Management Tools.tbx\AddField" Date="20200616" Time="161346">AddField D:/Geoprocesos/_Conexiones/oaiee@pdbarcgi.sde/OAIEE.Cifras/OAIEE.IRUPZ CMVITOTAL DOUBLE 38 10 # "Total Violencia intrafamiliar 2020 Bogot? D.C." NULLABLE NON_REQUIRED #</Process><Process ToolSource="c:\program files (x86)\arcgis\desktop10.6\ArcToolbox\Toolboxes\Data Management Tools.tbx\DeleteField" Date="20200616" Time="170559">DeleteField D:\Fabian\AGS_Server_SCJ\Conexiones_SDE\Produccion_pdb00002\oaiee@pdbarcgi.sde\OAIEE.Cifras\OAIEE.IRUPZ CMDS18CONT;CMDS19CONT;CMDS20CONT;CMDSVAR;CMDSTOTAL;CMVI18CONT;CMVI19CONT;CMVI20CONT;CMVIVAR;CMVITOTAL</Process><Process ToolSource="c:\program files (x86)\arcgis\desktop10.6\ArcToolbox\Toolboxes\Data Management Tools.tbx\DeleteField" Date="20200616" Time="172416">DeleteField D:\Fabian\AGS_Server_SCJ\Conexiones_SDE\Produccion_pdb00002\oaiee@pdbarcgi.sde\OAIEE.Cifras\OAIEE.IRUPZ CMDS18CONT;CMDS19CONT;CMDS20CONT;CMDSVAR;CMDSTOTAL;CMVI18CONT;CMVI19CONT;CMVI20CONT;CMVIVAR;CMVITOTAL</Process><Process ToolSource="c:\program files (x86)\arcgis\desktop10.6\ArcToolbox\Toolboxes\Data Management Tools.tbx\DeleteField" Date="20200616" Time="172816">DeleteField D:/Fabian/AGS_Server_SCJ/Conexiones_SDE/Produccion_pdb00002/oaiee@pdbarcgi.sde/OAIEE.Cifras/OAIEE.IRUPZ CMDS18CONT;CMDS19CONT;CMDS20CONT;CMDSVAR;CMDSTOTAL;CMVI18CONT;CMVI19CONT;CMVI20CONT;CMVIVAR;CMVITOTAL</Process><Process ToolSource="d:\instalacion_argis_2018\server\ArcToolbox\Toolboxes\Data Management Tools.tbx\AddField" Date="20200702" Time="122527">AddField D:/Geoprocesos/_Conexiones/oaiee@pdbarcgi.sde/OAIEE.Cifras/OAIEE.IRUPZ CMMM18Cont DOUBLE 38 10 # "Total maltrato a mujer 2018" NULLABLE NON_REQUIRED #</Process><Process ToolSource="d:\instalacion_argis_2018\server\ArcToolbox\Toolboxes\Data Management Tools.tbx\AddField" Date="20200702" Time="122528">AddField D:/Geoprocesos/_Conexiones/oaiee@pdbarcgi.sde/OAIEE.Cifras/OAIEE.IRUPZ CMMM19Cont DOUBLE 38 10 # "Total maltrato a mujer 2019" NULLABLE NON_REQUIRED #</Process><Process ToolSource="d:\instalacion_argis_2018\server\ArcToolbox\Toolboxes\Data Management Tools.tbx\AddField" Date="20200702" Time="122529">AddField D:/Geoprocesos/_Conexiones/oaiee@pdbarcgi.sde/OAIEE.Cifras/OAIEE.IRUPZ CMMM20Cont DOUBLE 38 10 # "Total maltrato a mujer 2020" NULLABLE NON_REQUIRED #</Process><Process ToolSource="d:\instalacion_argis_2018\server\ArcToolbox\Toolboxes\Data Management Tools.tbx\AddField" Date="20200702" Time="122530">AddField D:/Geoprocesos/_Conexiones/oaiee@pdbarcgi.sde/OAIEE.Cifras/OAIEE.IRUPZ CMMMVar DOUBLE 38 10 # "Variaci?n  maltrato a mujer 2019-2020 %" NULLABLE NON_REQUIRED #</Process><Process ToolSource="d:\instalacion_argis_2018\server\ArcToolbox\Toolboxes\Data Management Tools.tbx\AddField" Date="20200702" Time="122530">AddField D:/Geoprocesos/_Conexiones/oaiee@pdbarcgi.sde/OAIEE.Cifras/OAIEE.IRUPZ CMMMTOTAL DOUBLE 38 10 # "Total maltrato a mujer 2020 Bogot? D.C." NULLABLE NON_REQUIRED #</Process><Process ToolSource="d:\instalacion_argis_2018\server\ArcToolbox\Toolboxes\Data Management Tools.tbx\AlterField" Date="20200702" Time="125853">AlterField D:/Geoprocesos/_Conexiones/oaiee@pdbarcgi.sde/OAIEE.Cifras/OAIEE.IRUPZ CMMM18CONT # "Total maltrato a mujer 2018" DOUBLE 8 NULLABLE false</Process><Process ToolSource="d:\instalacion_argis_2018\server\ArcToolbox\Toolboxes\Data Management Tools.tbx\AlterField" Date="20200702" Time="125854">AlterField D:/Geoprocesos/_Conexiones/oaiee@pdbarcgi.sde/OAIEE.Cifras/OAIEE.IRUPZ CMMM19CONT # "Total maltrato a mujer 2019" DOUBLE 8 NULLABLE false</Process><Process ToolSource="d:\instalacion_argis_2018\server\ArcToolbox\Toolboxes\Data Management Tools.tbx\AlterField" Date="20200702" Time="125855">AlterField D:/Geoprocesos/_Conexiones/oaiee@pdbarcgi.sde/OAIEE.Cifras/OAIEE.IRUPZ CMMM20CONT # "Total maltrato a mujer 2020" DOUBLE 8 NULLABLE false</Process><Process ToolSource="d:\instalacion_argis_2018\server\ArcToolbox\Toolboxes\Data Management Tools.tbx\AlterField" Date="20200702" Time="125856">AlterField D:/Geoprocesos/_Conexiones/oaiee@pdbarcgi.sde/OAIEE.Cifras/OAIEE.IRUPZ CMMMVAR # "Variaci?n  maltrato a mujer 2019-2020 %" DOUBLE 8 NULLABLE false</Process><Process ToolSource="d:\instalacion_argis_2018\server\ArcToolbox\Toolboxes\Data Management Tools.tbx\AlterField" Date="20200702" Time="125856">AlterField D:/Geoprocesos/_Conexiones/oaiee@pdbarcgi.sde/OAIEE.Cifras/OAIEE.IRUPZ CMMMTOTAL # "Total maltrato a mujer 2020 Bogot? D.C." DOUBLE 8 NULLABLE false</Process><Process ToolSource="d:\instalacion_argis_2018\server\ArcToolbox\Toolboxes\Data Management Tools.tbx\AddField" Date="20210225" Time="141947">AddField D:/Geoprocesos/_Conexiones/oaiee@pdbarcgi.sde/OAIEE.Cifras/OAIEE.IRupz CMR21Cont DOUBLE 38 10 # "Total Ri?as 2021" NULLABLE NON_REQUIRED #</Process><Process ToolSource="d:\instalacion_argis_2018\server\ArcToolbox\Toolboxes\Data Management Tools.tbx\AddField" Date="20210225" Time="141948">AddField D:/Geoprocesos/_Conexiones/oaiee@pdbarcgi.sde/OAIEE.Cifras/OAIEE.IRupz CMN21Cont DOUBLE 38 10 # "Total Narc?ticos 2021" NULLABLE NON_REQUIRED #</Process><Process ToolSource="d:\instalacion_argis_2018\server\ArcToolbox\Toolboxes\Data Management Tools.tbx\AddField" Date="20210225" Time="141948">AddField D:/Geoprocesos/_Conexiones/oaiee@pdbarcgi.sde/OAIEE.Cifras/OAIEE.IRupz CMAOP21Cont DOUBLE 38 10 # "Total Alteraci?n Orden P?blico 2021" NULLABLE NON_REQUIRED #</Process><Process ToolSource="d:\instalacion_argis_2018\server\ArcToolbox\Toolboxes\Data Management Tools.tbx\AddField" Date="20210225" Time="141949">AddField D:/Geoprocesos/_Conexiones/oaiee@pdbarcgi.sde/OAIEE.Cifras/OAIEE.IRupz CMMM21Cont DOUBLE 38 10 # "Total maltrato a mujer 2021" NULLABLE NON_REQUIRED #</Process><Process ToolSource="d:\instalacion_argis_2018\server\ArcToolbox\Toolboxes\Data Management Tools.tbx\AlterField" Date="20210225" Time="144846">AlterField D:/Geoprocesos/_Conexiones/oaiee@pdbarcgi.sde/OAIEE.Cifras/OAIEE.IRUPZ CMRTOTAL # "Total Ri?as 2021" DOUBLE 8 NULLABLE false</Process><Process ToolSource="d:\instalacion_argis_2018\server\ArcToolbox\Toolboxes\Data Management Tools.tbx\AlterField" Date="20210225" Time="144847">AlterField D:/Geoprocesos/_Conexiones/oaiee@pdbarcgi.sde/OAIEE.Cifras/OAIEE.IRUPZ CMNTOTAL # "Total Narc?ticos 2021" DOUBLE 8 NULLABLE false</Process><Process ToolSource="d:\instalacion_argis_2018\server\ArcToolbox\Toolboxes\Data Management Tools.tbx\AlterField" Date="20210225" Time="144848">AlterField D:/Geoprocesos/_Conexiones/oaiee@pdbarcgi.sde/OAIEE.Cifras/OAIEE.IRUPZ CMAOPTOTAL # "Total Alteraci?n Orden P?blico 2021" DOUBLE 8 NULLABLE false</Process><Process ToolSource="d:\instalacion_argis_2018\server\ArcToolbox\Toolboxes\Data Management Tools.tbx\AlterField" Date="20210225" Time="144848">AlterField D:/Geoprocesos/_Conexiones/oaiee@pdbarcgi.sde/OAIEE.Cifras/OAIEE.IRUPZ CMMMTOTAL # "Total maltrato a mujer 2021" DOUBLE 8 NULLABLE false</Process><Process ToolSource="d:\instalacion_argis_2018\server\ArcToolbox\Toolboxes\Data Management Tools.tbx\AlterField" Date="20210225" Time="160849">AlterField D:/Geoprocesos/_Conexiones/oaiee@pdbarcgi.sde/OAIEE.Cifras/OAIEE.IRUPZ CMRTOTAL # "Total Riñas 2021 Bogotá D.C." DOUBLE 8 NULLABLE false</Process><Process ToolSource="d:\instalacion_argis_2018\server\ArcToolbox\Toolboxes\Data Management Tools.tbx\AlterField" Date="20210225" Time="160850">AlterField D:/Geoprocesos/_Conexiones/oaiee@pdbarcgi.sde/OAIEE.Cifras/OAIEE.IRUPZ CMNTOTAL # "Total Narcóticos 2021 Bogotá D.C." DOUBLE 8 NULLABLE false</Process><Process ToolSource="d:\instalacion_argis_2018\server\ArcToolbox\Toolboxes\Data Management Tools.tbx\AlterField" Date="20210225" Time="160851">AlterField D:/Geoprocesos/_Conexiones/oaiee@pdbarcgi.sde/OAIEE.Cifras/OAIEE.IRUPZ CMAOPTOTAL # "Total Alteración Orden Público 2021 Bogotá D.C." DOUBLE 8 NULLABLE false</Process><Process ToolSource="d:\instalacion_argis_2018\server\ArcToolbox\Toolboxes\Data Management Tools.tbx\AlterField" Date="20210225" Time="160852">AlterField D:/Geoprocesos/_Conexiones/oaiee@pdbarcgi.sde/OAIEE.Cifras/OAIEE.IRUPZ CMMMTOTAL # "Total maltrato a mujer 2021 Bogotá D.C." DOUBLE 8 NULLABLE false</Process><Process ToolSource="d:\instalacion_argis_2018\server\ArcToolbox\Toolboxes\Data Management Tools.tbx\AlterField" Date="20210225" Time="165024">AlterField D:/Geoprocesos/_Conexiones/oaiee@pdbarcgi.sde/OAIEE.Cifras/OAIEE.IRUPZ CMRVAR # "Variación  Riñas 2020-2021 %" DOUBLE 8 NULLABLE false</Process><Process ToolSource="d:\instalacion_argis_2018\server\ArcToolbox\Toolboxes\Data Management Tools.tbx\AlterField" Date="20210225" Time="165025">AlterField D:/Geoprocesos/_Conexiones/oaiee@pdbarcgi.sde/OAIEE.Cifras/OAIEE.IRUPZ CMNVAR # "Variación  Narcóticos 2020-2021 %" DOUBLE 8 NULLABLE false</Process><Process ToolSource="d:\instalacion_argis_2018\server\ArcToolbox\Toolboxes\Data Management Tools.tbx\AlterField" Date="20210225" Time="165026">AlterField D:/Geoprocesos/_Conexiones/oaiee@pdbarcgi.sde/OAIEE.Cifras/OAIEE.IRUPZ CMAOPVAR # "Variación  Alteración Orden Público 2020-2021 %" DOUBLE 8 NULLABLE false</Process><Process ToolSource="d:\instalacion_argis_2018\server\ArcToolbox\Toolboxes\Data Management Tools.tbx\AlterField" Date="20210225" Time="165027">AlterField D:/Geoprocesos/_Conexiones/oaiee@pdbarcgi.sde/OAIEE.Cifras/OAIEE.IRUPZ CMMMVAR # "Variación  maltrato a mujer 2020-2021 %" DOUBLE 8 NULLABLE false</Process><Process ToolSource="d:\instalacion_argis_2018\server\ArcToolbox\Toolboxes\Data Management Tools.tbx\AlterField" Date="20210225" Time="165028">AlterField D:/Geoprocesos/_Conexiones/oaiee@pdbarcgi.sde/OAIEE.Cifras/OAIEE.IRUPZ CMRTOTAL # "Total Riñas 2021 Bogotá D.C." DOUBLE 8 NULLABLE false</Process><Process ToolSource="d:\instalacion_argis_2018\server\ArcToolbox\Toolboxes\Data Management Tools.tbx\AlterField" Date="20210225" Time="165028">AlterField D:/Geoprocesos/_Conexiones/oaiee@pdbarcgi.sde/OAIEE.Cifras/OAIEE.IRUPZ CMNTOTAL # "Total Narcóticos 2021 Bogotá D.C." DOUBLE 8 NULLABLE false</Process><Process ToolSource="d:\instalacion_argis_2018\server\ArcToolbox\Toolboxes\Data Management Tools.tbx\AlterField" Date="20210225" Time="165029">AlterField D:/Geoprocesos/_Conexiones/oaiee@pdbarcgi.sde/OAIEE.Cifras/OAIEE.IRUPZ CMAOPTOTAL # "Total Alteración Orden Público 2021 Bogotá D.C." DOUBLE 8 NULLABLE false</Process><Process ToolSource="d:\instalacion_argis_2018\server\ArcToolbox\Toolboxes\Data Management Tools.tbx\AlterField" Date="20210225" Time="165030">AlterField D:/Geoprocesos/_Conexiones/oaiee@pdbarcgi.sde/OAIEE.Cifras/OAIEE.IRUPZ CMMMTOTAL # "Total maltrato a mujer 2021 Bogotá D.C." DOUBLE 8 NULLABLE false</Process><Process ToolSource="d:\instalacion_argis_2018\server\ArcToolbox\Toolboxes\Data Management Tools.tbx\AlterField" Date="20210225" Time="165031">AlterField D:/Geoprocesos/_Conexiones/oaiee@pdbarcgi.sde/OAIEE.Cifras/OAIEE.IRUPZ CMR21CONT # "Total Riñas 2021" DOUBLE 8 NULLABLE false</Process><Process ToolSource="d:\instalacion_argis_2018\server\ArcToolbox\Toolboxes\Data Management Tools.tbx\AlterField" Date="20210225" Time="165032">AlterField D:/Geoprocesos/_Conexiones/oaiee@pdbarcgi.sde/OAIEE.Cifras/OAIEE.IRUPZ CMN21CONT # "Total Narcóticos 2021" DOUBLE 8 NULLABLE false</Process><Process ToolSource="d:\instalacion_argis_2018\server\ArcToolbox\Toolboxes\Data Management Tools.tbx\AlterField" Date="20210225" Time="165033">AlterField D:/Geoprocesos/_Conexiones/oaiee@pdbarcgi.sde/OAIEE.Cifras/OAIEE.IRUPZ CMAOP21CONT # "Total Alteración Orden Público 2021" DOUBLE 8 NULLABLE false</Process><Process ToolSource="d:\instalacion_argis_2018\server\ArcToolbox\Toolboxes\Data Management Tools.tbx\AlterField" Date="20210225" Time="165034">AlterField D:/Geoprocesos/_Conexiones/oaiee@pdbarcgi.sde/OAIEE.Cifras/OAIEE.IRUPZ CMMM21CONT # "Total maltrato a mujer 2021" DOUBLE 8 NULLABLE false</Process><Process ToolSource="c:\program files (x86)\arcgis\desktop10.8\ArcToolbox\Toolboxes\Data Management Tools.tbx\AddField" Date="20220225" Time="164935">AddField D:/Fabian/AGS_Server_SCJ/Conexiones_SDE/Produccion_pdb00002/oaiee@pdbarcgi.sde/OAIEE.Cifras/OAIEE.IRupz CMR22Cont DOUBLE 38 10 # "Total Riñas 2022 Bogotá D.C." NULLABLE NON_REQUIRED #</Process><Process ToolSource="c:\program files (x86)\arcgis\desktop10.8\ArcToolbox\Toolboxes\Data Management Tools.tbx\AddField" Date="20220225" Time="183145">AddField D:/Fabian/AGS_Server_SCJ/Conexiones_SDE/Produccion_pdb00002/oaiee@pdbarcgi.sde/OAIEE.Cifras/OAIEE.IRupz CMR22Cont DOUBLE 38 10 # "Total Riñas 2022 Bogotá D.C." NULLABLE NON_REQUIRED #</Process><Process ToolSource="c:\program files (x86)\arcgis\desktop10.8\ArcToolbox\Toolboxes\Data Management Tools.tbx\AddField" Date="20220225" Time="183811">AddField D:/Fabian/AGS_Server_SCJ/Conexiones_SDE/Produccion_pdb00002/oaiee@pdbarcgi.sde/OAIEE.Cifras/OAIEE.IRupz CMN22Cont DOUBLE 38 10 # "Total Narcóticos 2022 Bogotá D.C." NULLABLE NON_REQUIRED #</Process><Process ToolSource="c:\program files (x86)\arcgis\desktop10.8\ArcToolbox\Toolboxes\Data Management Tools.tbx\AddField" Date="20220225" Time="184109">AddField D:/Fabian/AGS_Server_SCJ/Conexiones_SDE/Produccion_pdb00002/oaiee@pdbarcgi.sde/OAIEE.Cifras/OAIEE.IRupz CMAOP22Cont DOUBLE 38 10 # "Total Alteración Orden Público 2022 Bogotá D.C." NULLABLE NON_REQUIRED #</Process><Process ToolSource="c:\program files (x86)\arcgis\desktop10.8\ArcToolbox\Toolboxes\Data Management Tools.tbx\AddField" Date="20220225" Time="184637">AddField D:/Fabian/AGS_Server_SCJ/Conexiones_SDE/Produccion_pdb00002/oaiee@pdbarcgi.sde/OAIEE.Cifras/OAIEE.IRupz CMAOP22Cont DOUBLE 38 10 # "Total Alteración Orden Público 2022 Bogotá D.C." NULLABLE NON_REQUIRED #</Process><Process ToolSource="c:\program files (x86)\arcgis\desktop10.8\ArcToolbox\Toolboxes\Data Management Tools.tbx\AddField" Date="20220225" Time="185229">AddField D:/Fabian/AGS_Server_SCJ/Conexiones_SDE/Produccion_pdb00002/oaiee@pdbarcgi.sde/OAIEE.Cifras/OAIEE.IRupz CMMM22Cont DOUBLE 38 10 # "Total maltrato a mujer 2022 Bogotá D.C." NULLABLE NON_REQUIRED #</Process><Process ToolSource="c:\program files (x86)\arcgis\desktop10.8\ArcToolbox\Toolboxes\Data Management Tools.tbx\AddField" Date="20230213" Time="102707">AddField D:\Fabian\AGS_Server_SCJ\Conexiones_SDE\Produccion_pdb00002\oaiee@pdbarcgi.sde\OAIEE.Cifras\OAIEE.IRupz CMR23Cont DOUBLE 38 10 # "Total Llamadas por Riñas 2023" NULLABLE NON_REQUIRED #</Process><Process ToolSource="c:\program files (x86)\arcgis\desktop10.8\ArcToolbox\Toolboxes\Data Management Tools.tbx\AddField" Date="20230213" Time="103217">AddField D:\Fabian\AGS_Server_SCJ\Conexiones_SDE\Produccion_pdb00002\oaiee@pdbarcgi.sde\OAIEE.Cifras\OAIEE.IRupz CMR23Cont DOUBLE 38 10 # "Total Llamadas por Riñas 2023" NULLABLE NON_REQUIRED #</Process><Process ToolSource="c:\program files (x86)\arcgis\desktop10.8\ArcToolbox\Toolboxes\Data Management Tools.tbx\AddField" Date="20230213" Time="104028">AddField D:\Fabian\AGS_Server_SCJ\Conexiones_SDE\Produccion_pdb00002\oaiee@pdbarcgi.sde\OAIEE.Cifras\OAIEE.IRupz CMR23Cont DOUBLE 38 10 # "Total Llamadas por Riñas 2023" NULLABLE NON_REQUIRED #</Process><Process ToolSource="c:\program files (x86)\arcgis\desktop10.8\ArcToolbox\Toolboxes\Data Management Tools.tbx\AddField" Date="20230213" Time="104601">AddField D:\Fabian\AGS_Server_SCJ\Conexiones_SDE\Produccion_pdb00002\oaiee@pdbarcgi.sde\OAIEE.Cifras\OAIEE.IRupz CMN23Cont DOUBLE 38 10 # "Total Llamadas por Narcóticos 2023" NULLABLE NON_REQUIRED #</Process><Process ToolSource="c:\program files (x86)\arcgis\desktop10.8\ArcToolbox\Toolboxes\Data Management Tools.tbx\AddField" Date="20230213" Time="105114">AddField D:\Fabian\AGS_Server_SCJ\Conexiones_SDE\Produccion_pdb00002\oaiee@pdbarcgi.sde\OAIEE.Cifras\OAIEE.IRupz CMAOP23Cont DOUBLE 38 10 # "Total Llamadas por Alteración Orden Público 2023" NULLABLE NON_REQUIRED #</Process><Process ToolSource="c:\program files (x86)\arcgis\desktop10.8\ArcToolbox\Toolboxes\Data Management Tools.tbx\AddField" Date="20230213" Time="110315">AddField D:\Fabian\AGS_Server_SCJ\Conexiones_SDE\Produccion_pdb00002\oaiee@pdbarcgi.sde\OAIEE.Cifras\OAIEE.IRupz CMMM23Cont DOUBLE 38 10 # "Total Llamadas por Maltrato a mujer 2023" NULLABLE NON_REQUIRED #</Process><Process ToolSource="c:\program files (x86)\arcgis\desktop10.8\ArcToolbox\Toolboxes\Data Management Tools.tbx\AddField" Date="20230213" Time="135025">AddField D:\Fabian\AGS_Server_SCJ\Conexiones_SDE\Produccion_pdb00002\oaiee@pdbarcgi.sde\OAIEE.Cifras\OAIEE.IRUPZ CMM18Cont DOUBLE 38 10 # "Total Llamadas por Maltrato 2018" NULLABLE NON_REQUIRED #</Process><Process ToolSource="c:\program files (x86)\arcgis\desktop10.8\ArcToolbox\Toolboxes\Data Management Tools.tbx\AddField" Date="20230213" Time="135549">AddField D:\Fabian\AGS_Server_SCJ\Conexiones_SDE\Produccion_pdb00002\oaiee@pdbarcgi.sde\OAIEE.Cifras\OAIEE.IRUPZ CMM18Cont DOUBLE 38 10 # "Total Llamadas por Maltrato 2018" NULLABLE NON_REQUIRED #</Process><Process ToolSource="c:\program files (x86)\arcgis\desktop10.8\ArcToolbox\Toolboxes\Data Management Tools.tbx\AddField" Date="20230213" Time="141359">AddField D:\Fabian\AGS_Server_SCJ\Conexiones_SDE\Produccion_pdb00002\oaiee@pdbarcgi.sde\OAIEE.Cifras\OAIEE.IRUPZ CMM19Cont DOUBLE 38 10 # "Total Llamadas por Maltrato 2019" NULLABLE NON_REQUIRED #</Process><Process ToolSource="c:\program files (x86)\arcgis\desktop10.8\ArcToolbox\Toolboxes\Data Management Tools.tbx\AddField" Date="20230213" Time="141738">AddField D:\Fabian\AGS_Server_SCJ\Conexiones_SDE\Produccion_pdb00002\oaiee@pdbarcgi.sde\OAIEE.Cifras\OAIEE.IRUPZ CMM19Cont DOUBLE 38 10 # "Total Llamadas por Maltrato 2019" NULLABLE NON_REQUIRED #</Process><Process ToolSource="c:\program files (x86)\arcgis\desktop10.8\ArcToolbox\Toolboxes\Data Management Tools.tbx\AddField" Date="20230213" Time="143245">AddField D:\Fabian\AGS_Server_SCJ\Conexiones_SDE\Produccion_pdb00002\oaiee@pdbarcgi.sde\OAIEE.Cifras\OAIEE.IRUPZ CMM20Cont DOUBLE 38 10 # "Total Llamadas por Maltrato 2020" NULLABLE NON_REQUIRED #</Process><Process ToolSource="c:\program files (x86)\arcgis\desktop10.8\ArcToolbox\Toolboxes\Data Management Tools.tbx\AddField" Date="20230213" Time="145425">AddField D:\Fabian\AGS_Server_SCJ\Conexiones_SDE\Produccion_pdb00002\oaiee@pdbarcgi.sde\OAIEE.Cifras\OAIEE.IRUPZ CMM21Cont DOUBLE 38 10 # "Total Llamadas por Maltrato 2021" NULLABLE NON_REQUIRED #</Process><Process ToolSource="c:\program files (x86)\arcgis\desktop10.8\ArcToolbox\Toolboxes\Data Management Tools.tbx\AddField" Date="20230213" Time="150813">AddField D:\Fabian\AGS_Server_SCJ\Conexiones_SDE\Produccion_pdb00002\oaiee@pdbarcgi.sde\OAIEE.Cifras\OAIEE.IRUPZ CMM22Cont DOUBLE 38 10 # "Total Llamadas por Maltrato 2022" NULLABLE NON_REQUIRED #</Process><Process ToolSource="c:\program files (x86)\arcgis\desktop10.8\ArcToolbox\Toolboxes\Data Management Tools.tbx\AddField" Date="20230213" Time="151209">AddField D:\Fabian\AGS_Server_SCJ\Conexiones_SDE\Produccion_pdb00002\oaiee@pdbarcgi.sde\OAIEE.Cifras\OAIEE.IRUPZ CMM22Cont DOUBLE 38 10 # "Total Llamadas por Maltrato 2022" NULLABLE NON_REQUIRED #</Process><Process ToolSource="c:\program files (x86)\arcgis\desktop10.8\ArcToolbox\Toolboxes\Data Management Tools.tbx\AddField" Date="20230213" Time="153013">AddField D:\Fabian\AGS_Server_SCJ\Conexiones_SDE\Produccion_pdb00002\oaiee@pdbarcgi.sde\OAIEE.Cifras\OAIEE.IRUPZ CMM23Cont DOUBLE 38 10 # "Total Llamadas por Maltrato 2023" NULLABLE NON_REQUIRED #</Process><Process ToolSource="c:\program files (x86)\arcgis\desktop10.8\ArcToolbox\Toolboxes\Data Management Tools.tbx\AddField" Date="20230213" Time="153407">AddField D:\Fabian\AGS_Server_SCJ\Conexiones_SDE\Produccion_pdb00002\oaiee@pdbarcgi.sde\OAIEE.Cifras\OAIEE.IRUPZ CMM23Cont DOUBLE 38 10 # "Total Llamadas por Maltrato 2023" NULLABLE NON_REQUIRED #</Process><Process ToolSource="c:\program files (x86)\arcgis\desktop10.8\ArcToolbox\Toolboxes\Data Management Tools.tbx\AddField" Date="20230213" Time="155206">AddField D:\Fabian\AGS_Server_SCJ\Conexiones_SDE\Produccion_pdb00002\oaiee@pdbarcgi.sde\OAIEE.Cifras\OAIEE.IRUPZ CMMVar DOUBLE 38 10 # "Variación Llamadas por Maltrato %" NULLABLE NON_REQUIRED #</Process><Process ToolSource="c:\program files (x86)\arcgis\desktop10.8\ArcToolbox\Toolboxes\Data Management Tools.tbx\AddField" Date="20230213" Time="155541">AddField D:\Fabian\AGS_Server_SCJ\Conexiones_SDE\Produccion_pdb00002\oaiee@pdbarcgi.sde\OAIEE.Cifras\OAIEE.IRUPZ CMMVar DOUBLE 38 10 # "Variación Llamadas por Maltrato %" NULLABLE NON_REQUIRED #</Process><Process ToolSource="c:\program files (x86)\arcgis\desktop10.8\ArcToolbox\Toolboxes\Data Management Tools.tbx\AddField" Date="20230213" Time="160624">AddField D:\Fabian\AGS_Server_SCJ\Conexiones_SDE\Produccion_pdb00002\oaiee@pdbarcgi.sde\OAIEE.Cifras\OAIEE.IRUPZ CMMTOTAL DOUBLE 38 10 # "Total Maltrato Año Actual Bogotá D.C." NULLABLE NON_REQUIRED #</Process><Process ToolSource="c:\program files (x86)\arcgis\desktop10.8\ArcToolbox\Toolboxes\Data Management Tools.tbx\AddField" Date="20230213" Time="161108">AddField D:\Fabian\AGS_Server_SCJ\Conexiones_SDE\Produccion_pdb00002\oaiee@pdbarcgi.sde\OAIEE.Cifras\OAIEE.IRUPZ CMMTOTAL DOUBLE 38 10 # "Total Maltrato Año Actual Bogotá D.C." NULLABLE NON_REQUIRED #</Process><Process ToolSource="c:\program files\arcgis\pro\Resources\ArcToolbox\toolboxes\Data Management Tools.tbx\Append" Date="20230214" Time="161444">Append IRUPZ C:\Users\oscar.aguirre\Documents\ArcGIS\Projects\MyProject\oaiee.sde\OAIEE.Cifras\OAIEE.IRUPZ "Use the field map to reconcile field differences" "CMIUUPLA "Código upz" true true false 50 Text 0 0,First,#,\\172.21.22.8\Geoprocesos\Queryslayersfiles\Ene2023\EneDic22\IncidenteReportado\IR_SHP\IRUPZ.shp,CMIUUPLA,0,50;CMNOMUPLA "Nombre upz" true true false 500 Text 0 0,First,#,\\172.21.22.8\Geoprocesos\Queryslayersfiles\Ene2023\EneDic22\IncidenteReportado\IR_SHP\IRUPZ.shp,CMNOMUPLA,0,254;CMMES "Mes" true true false 7 Text 0 0,First,#,\\172.21.22.8\Geoprocesos\Queryslayersfiles\Ene2023\EneDic22\IncidenteReportado\IR_SHP\IRUPZ.shp,CMMES,0,7;CMR18CONT "Total Llamadas por Riñas 2018" true true false 8 Double 10 38,First,#,\\172.21.22.8\Geoprocesos\Queryslayersfiles\Ene2023\EneDic22\IncidenteReportado\IR_SHP\IRUPZ.shp,CMR18CONT,-1,-1;CMR19CONT "Total Llamadas por Riñas 2019" true true false 8 Double 10 38,First,#,\\172.21.22.8\Geoprocesos\Queryslayersfiles\Ene2023\EneDic22\IncidenteReportado\IR_SHP\IRUPZ.shp,CMR19CONT,-1,-1;CMR20CONT "Total Llamadas por Riñas 2020" true true false 8 Double 10 38,First,#,\\172.21.22.8\Geoprocesos\Queryslayersfiles\Ene2023\EneDic22\IncidenteReportado\IR_SHP\IRUPZ.shp,CMR20CONT,-1,-1;CMRVAR "Variación Llamadas por Riñas %" true true false 8 Double 10 38,First,#,\\172.21.22.8\Geoprocesos\Queryslayersfiles\Ene2023\EneDic22\IncidenteReportado\IR_SHP\IRUPZ.shp,CMRVAR,-1,-1;CMRTOTAL "Total Llamadas por Riñas Año Actual Bogotá D.C." true true false 8 Double 10 38,First,#,\\172.21.22.8\Geoprocesos\Queryslayersfiles\Ene2023\EneDic22\IncidenteReportado\IR_SHP\IRUPZ.shp,CMRTOTAL,-1,-1;CMN18CONT "Total Llamadas por Narcóticos 2018" true true false 8 Double 10 38,First,#,\\172.21.22.8\Geoprocesos\Queryslayersfiles\Ene2023\EneDic22\IncidenteReportado\IR_SHP\IRUPZ.shp,CMN18CONT,-1,-1;CMN19CONT "Total Llamadas por Narcóticos 2019" true true false 8 Double 10 38,First,#,\\172.21.22.8\Geoprocesos\Queryslayersfiles\Ene2023\EneDic22\IncidenteReportado\IR_SHP\IRUPZ.shp,CMN19CONT,-1,-1;CMN20CONT "Total Llamadas por Narcóticos 2020" true true false 8 Double 10 38,First,#,\\172.21.22.8\Geoprocesos\Queryslayersfiles\Ene2023\EneDic22\IncidenteReportado\IR_SHP\IRUPZ.shp,CMN20CONT,-1,-1;CMNVAR "Variación Llamadas por Narcóticos %" true true false 8 Double 10 38,First,#,\\172.21.22.8\Geoprocesos\Queryslayersfiles\Ene2023\EneDic22\IncidenteReportado\IR_SHP\IRUPZ.shp,CMNVAR,-1,-1;CMNTOTAL "Total Llamadas por Narcóticos Año Actual Bogotá D.C." true true false 8 Double 10 38,First,#,\\172.21.22.8\Geoprocesos\Queryslayersfiles\Ene2023\EneDic22\IncidenteReportado\IR_SHP\IRUPZ.shp,CMNTOTAL,-1,-1;CMAOP18CONT "Total Llamadas por Alteración Orden Público 2018" true true false 8 Double 10 38,First,#;CMAOP19CONT "Total Llamadas por Alteración Orden Público 2019" true true false 8 Double 10 38,First,#;CMAOP20CONT "Total Llamadas por Alteración Orden Público 2020" true true false 8 Double 10 38,First,#;CMAOPVAR "Variación Llamadas por Alteración Orden Público %" true true false 8 Double 10 38,First,#,\\172.21.22.8\Geoprocesos\Queryslayersfiles\Ene2023\EneDic22\IncidenteReportado\IR_SHP\IRUPZ.shp,CMAOPVAR,-1,-1;CMAOPTOTAL "Total Llamadas por Alteración Orden Público Año Actual Bogotá D.C." true true false 8 Double 10 38,First,#,\\172.21.22.8\Geoprocesos\Queryslayersfiles\Ene2023\EneDic22\IncidenteReportado\IR_SHP\IRUPZ.shp,CMAOPTOTAL,-1,-1;CMMM18CONT "Total Llamadas por Maltrato a mujer 2018" true true false 8 Double 10 38,First,#,\\172.21.22.8\Geoprocesos\Queryslayersfiles\Ene2023\EneDic22\IncidenteReportado\IR_SHP\IRUPZ.shp,CMMM18CONT,-1,-1;CMMM19CONT "Total Llamadas por Maltrato a mujer 2019" true true false 8 Double 10 38,First,#,\\172.21.22.8\Geoprocesos\Queryslayersfiles\Ene2023\EneDic22\IncidenteReportado\IR_SHP\IRUPZ.shp,CMMM19CONT,-1,-1;CMMM20CONT "Total Llamadas por Maltrato a mujer 2020" true true false 8 Double 10 38,First,#,\\172.21.22.8\Geoprocesos\Queryslayersfiles\Ene2023\EneDic22\IncidenteReportado\IR_SHP\IRUPZ.shp,CMMM20CONT,-1,-1;CMMMVAR "Variación Llamadas por Maltrato a mujer %" true true false 8 Double 10 38,First,#,\\172.21.22.8\Geoprocesos\Queryslayersfiles\Ene2023\EneDic22\IncidenteReportado\IR_SHP\IRUPZ.shp,CMMMVAR,-1,-1;CMMMTOTAL "Total Llamadas por Maltrato a mujer Año Actual Bogotá D.C." true true false 8 Double 10 38,First,#,\\172.21.22.8\Geoprocesos\Queryslayersfiles\Ene2023\EneDic22\IncidenteReportado\IR_SHP\IRUPZ.shp,CMMMTOTAL,-1,-1;CMR21CONT "Total Llamadas por Riñas 2021" true true false 8 Double 10 38,First,#,\\172.21.22.8\Geoprocesos\Queryslayersfiles\Ene2023\EneDic22\IncidenteReportado\IR_SHP\IRUPZ.shp,CMR21CONT,-1,-1;CMN21CONT "Total Llamadas por Narcóticos 2021" true true false 8 Double 10 38,First,#,\\172.21.22.8\Geoprocesos\Queryslayersfiles\Ene2023\EneDic22\IncidenteReportado\IR_SHP\IRUPZ.shp,CMN21CONT,-1,-1;CMAOP21CONT "Total Llamadas por Alteración Orden Público 2021" true true false 8 Double 10 38,First,#;CMMM21CONT "Total Llamadas por Maltrato a mujer 2021" true true false 8 Double 10 38,First,#,\\172.21.22.8\Geoprocesos\Queryslayersfiles\Ene2023\EneDic22\IncidenteReportado\IR_SHP\IRUPZ.shp,CMMM21CONT,-1,-1;CMR22CONT "Total Llamadas por Riñas 2022." true true false 8 Double 10 38,First,#,\\172.21.22.8\Geoprocesos\Queryslayersfiles\Ene2023\EneDic22\IncidenteReportado\IR_SHP\IRUPZ.shp,CMR22CONT,-1,-1;CMN22CONT "Total Llamadas por Narcóticos 2022" true true false 8 Double 10 38,First,#,\\172.21.22.8\Geoprocesos\Queryslayersfiles\Ene2023\EneDic22\IncidenteReportado\IR_SHP\IRUPZ.shp,CMN22CONT,-1,-1;CMAOP22CONT "Total Llamadas por Alteración Orden Público 2022" true true false 8 Double 10 38,First,#;CMMM22CONT "Total Llamadas por Maltrato a mujer 2022" true true false 8 Double 10 38,First,#,\\172.21.22.8\Geoprocesos\Queryslayersfiles\Ene2023\EneDic22\IncidenteReportado\IR_SHP\IRUPZ.shp,CMMM22CONT,-1,-1;CMR23CONT "Total Llamadas por Riñas 2023" true true false 8 Double 10 38,First,#;CMN23CONT "Total Llamadas por Narcóticos 2023" true true false 8 Double 10 38,First,#;CMAOP23CONT "Total Llamadas por Alteración Orden Público 2023" true true false 8 Double 10 38,First,#;CMMM23CONT "Total Llamadas por Maltrato a mujer 2023" true true false 8 Double 10 38,First,#;CMM18CONT "Total Llamadas por Maltrato 2018" true true false 8 Double 10 38,First,#;CMM19CONT "Total Llamadas por Maltrato 2019" true true false 8 Double 10 38,First,#;CMM20CONT "Total Llamadas por Maltrato 2020" true true false 8 Double 10 38,First,#;CMM21CONT "Total Llamadas por Maltrato 2021" true true false 8 Double 10 38,First,#;CMM22CONT "Total Llamadas por Maltrato 2022" true true false 8 Double 10 38,First,#;CMM23CONT "Total Llamadas por Maltrato 2023" true true false 8 Double 10 38,First,#;CMMVAR "Variación Llamadas por Maltrato %" true true false 8 Double 10 38,First,#;CMMTOTAL "Total Maltrato Año Actual Bogotá D.C." true true false 8 Double 10 38,First,#" # #</Process><Process ToolSource="d:\instalacion_argis_2018\server\ArcToolbox\Toolboxes\Data Management Tools.tbx\AddField" Date="20240213" Time="173523">AddField D:\Geoprocesos\_Conexiones\oaiee@pdbarcgi.sde\OAIEE.Cifras\OAIEE.IRupz CMR24Cont DOUBLE 38 10 # "Total Llamadas por Ri?as 2024" NULLABLE NON_REQUIRED #</Process><Process ToolSource="d:\instalacion_argis_2018\server\ArcToolbox\Toolboxes\Data Management Tools.tbx\AddField" Date="20240213" Time="173523">AddField D:\Geoprocesos\_Conexiones\oaiee@pdbarcgi.sde\OAIEE.Cifras\OAIEE.IRupz CMN24Cont DOUBLE 38 10 # "Total Llamadas por Narc?ticos 2024" NULLABLE NON_REQUIRED #</Process><Process ToolSource="d:\instalacion_argis_2018\server\ArcToolbox\Toolboxes\Data Management Tools.tbx\AddField" Date="20240213" Time="173524">AddField D:\Geoprocesos\_Conexiones\oaiee@pdbarcgi.sde\OAIEE.Cifras\OAIEE.IRupz CMAOP24Cont DOUBLE 38 10 # "Total Llamadas por Alteraci?n Orden P?blico 2024" NULLABLE NON_REQUIRED #</Process><Process ToolSource="d:\instalacion_argis_2018\server\ArcToolbox\Toolboxes\Data Management Tools.tbx\AddField" Date="20240213" Time="173525">AddField D:\Geoprocesos\_Conexiones\oaiee@pdbarcgi.sde\OAIEE.Cifras\OAIEE.IRupz CMMM24Cont DOUBLE 38 10 # "Total Llamadas por Maltrato a mujer 2024" NULLABLE NON_REQUIRED #</Process><Process ToolSource="d:\instalacion_argis_2018\server\ArcToolbox\Toolboxes\Data Management Tools.tbx\AddField" Date="20240213" Time="180055">AddField D:\Geoprocesos\_Conexiones\oaiee@pdbarcgi.sde\OAIEE.Cifras\OAIEE.IRupz CMM24Cont DOUBLE 38 10 # "Total Llamadas por Maltrato 2024" NULLABLE NON_REQUIRED #</Process><Process ToolSource="c:\program files\arcgis\pro\Resources\ArcToolbox\Toolboxes\Data Management Tools.tbx\UpdateSchema" Date="20240213" Time="180826">UpdateSchema "CIMDATA=&lt;CIMFeatureDatasetDataConnection xsi:type='typens:CIMFeatureDatasetDataConnection' xmlns:xsi='http://www.w3.org/2001/XMLSchema-instance' xmlns:xs='http://www.w3.org/2001/XMLSchema' xmlns:typens='http://www.esri.com/schemas/ArcGIS/3.1.0'&gt;&lt;FeatureDataset&gt;OAIEE.Cifras&lt;/FeatureDataset&gt;&lt;WorkspaceConnectionString&gt;ENCRYPTED_PASSWORD_UTF8=00022e6832443457437876645677704f3134484b4f524449347a37316c7657657068397641324956624b746b512f633d2a00;ENCRYPTED_PASSWORD=00022e685569556937346d33754930624d7063596169537771785035446a4267586972312f784141587441626d61773d2a00;SERVER=ARGIS_PROD;INSTANCE=sde:oracle11g:ARGIS_PROD;DBCLIENT=oracle;DB_CONNECTION_PROPERTIES=ARGIS_PROD;PROJECT_INSTANCE=sde;USER=oaiee;VERSION=SDE.DEFAULT;AUTHENTICATION_MODE=DBMS&lt;/WorkspaceConnectionString&gt;&lt;WorkspaceFactory&gt;SDE&lt;/WorkspaceFactory&gt;&lt;Dataset&gt;OAIEE.IRUPZ&lt;/Dataset&gt;&lt;DatasetType&gt;esriDTFeatureClass&lt;/DatasetType&gt;&lt;/CIMFeatureDatasetDataConnection&gt;" "&lt;operationSequence&gt;&lt;workflow&gt;&lt;AlterField&gt;&lt;field_name&gt;CMR24CONT&lt;/field_name&gt;&lt;field_alias&gt;Total Llamadas por Riñas 2024&lt;/field_alias&gt;&lt;field_is_nullable&gt;True&lt;/field_is_nullable&gt;&lt;clear_field_alias&gt;False&lt;/clear_field_alias&gt;&lt;/AlterField&gt;&lt;/workflow&gt;&lt;workflow&gt;&lt;AlterField&gt;&lt;field_name&gt;CMN24CONT&lt;/field_name&gt;&lt;field_alias&gt;Total Llamadas por Narcóticos 2024&lt;/field_alias&gt;&lt;field_is_nullable&gt;True&lt;/field_is_nullable&gt;&lt;clear_field_alias&gt;False&lt;/clear_field_alias&gt;&lt;/AlterField&gt;&lt;/workflow&gt;&lt;workflow&gt;&lt;AlterField&gt;&lt;field_name&gt;CMAOP24CONT&lt;/field_name&gt;&lt;field_alias&gt;Total Llamadas por Alteración Orden Público 2024&lt;/field_alias&gt;&lt;field_is_nullable&gt;True&lt;/field_is_nullable&gt;&lt;clear_field_alias&gt;False&lt;/clear_field_alias&gt;&lt;/AlterField&gt;&lt;/workflow&gt;&lt;/operationSequence&gt;"</Process><Process ToolSource="c:\program files\arcgis\pro\Resources\ArcToolbox\Toolboxes\Data Management Tools.tbx\UpdateSchema" Date="20240611" Time="140029">UpdateSchema "CIMDATA=&lt;CIMFeatureDatasetDataConnection xsi:type='typens:CIMFeatureDatasetDataConnection' xmlns:xsi='http://www.w3.org/2001/XMLSchema-instance' xmlns:xs='http://www.w3.org/2001/XMLSchema' xmlns:typens='http://www.esri.com/schemas/ArcGIS/3.1.0'&gt;&lt;FeatureDataset&gt;OAIEE.Cifras&lt;/FeatureDataset&gt;&lt;WorkspaceConnectionString&gt;ENCRYPTED_PASSWORD_UTF8=00022e6832443457437876645677704f3134484b4f524449347a37316c7657657068397641324956624b746b512f633d2a00;ENCRYPTED_PASSWORD=00022e6832474b394b474665416e3031796b7354376d52675768687173464f424c633158414d4d7833576a75596e453d2a00;SERVER=ARGIS_PROD;INSTANCE=sde:oracle11g:ARGIS_PROD;DBCLIENT=oracle;DB_CONNECTION_PROPERTIES=ARGIS_PROD;PROJECT_INSTANCE=sde;USER=oaiee;VERSION=SDE.DEFAULT;AUTHENTICATION_MODE=DBMS&lt;/WorkspaceConnectionString&gt;&lt;WorkspaceFactory&gt;SDE&lt;/WorkspaceFactory&gt;&lt;Dataset&gt;OAIEE.IRUPZ&lt;/Dataset&gt;&lt;DatasetType&gt;esriDTFeatureClass&lt;/DatasetType&gt;&lt;/CIMFeatureDatasetDataConnection&gt;" &lt;operationSequence&gt;&lt;workflow&gt;&lt;AlterField&gt;&lt;field_name&gt;CMMES&lt;/field_name&gt;&lt;field_type&gt;TEXT&lt;/field_type&gt;&lt;field_length&gt;50&lt;/field_length&gt;&lt;field_is_nullable&gt;True&lt;/field_is_nullable&gt;&lt;clear_field_alias&gt;False&lt;/clear_field_alias&gt;&lt;/AlterField&gt;&lt;/workflow&gt;&lt;/operationSequence&gt;</Process><Process ToolSource="d:\instalacion_argis_2018\server\ArcToolbox\Toolboxes\Data Management Tools.tbx\CopyFeatures" Date="20250120" Time="132542">CopyFeatures IRUPZ D:\Geoprocesos\Queryslayersfiles\Ene2025\EneDic24\IncidenteReportado\SHP\IRUPZ.shp # 0 0 0</Process></lineage><itemProps><itemName Sync="TRUE">IRUPZ</itemName><imsContentType Sync="TRUE">002</imsContentType><itemSize Sync="TRUE">0.000</itemSize><itemLocation><linkage Sync="TRUE">file://\\SRV-03-13-055\Geoprocesos\Queryslayersfiles\Ene2025\EneDic24\IncidenteReportado\SHP\IRUPZ.shp</linkage><protocol Sync="TRUE">Local Area Network</protocol></itemLocation></itemProps><coordRef><type Sync="TRUE">Geographic</type><geogcsn Sync="TRUE">GCS_MAGNA</geogcsn><csUnits Sync="TRUE">Angular Unit: Degree (0.017453)</csUnits><peXml Sync="TRUE">&lt;GeographicCoordinateSystem xsi:type='typens:GeographicCoordinateSystem' xmlns:xsi='http://www.w3.org/2001/XMLSchema-instance' xmlns:xs='http://www.w3.org/2001/XMLSchema' xmlns:typens='http://www.esri.com/schemas/ArcGIS/10.8'&gt;&lt;WKT&gt;GEOGCS[&amp;quot;GCS_MAGNA&amp;quot;,DATUM[&amp;quot;D_MAGNA&amp;quot;,SPHEROID[&amp;quot;GRS_1980&amp;quot;,6378137.0,298.257222101]],PRIMEM[&amp;quot;Greenwich&amp;quot;,0.0],UNIT[&amp;quot;Degree&amp;quot;,0.0174532925199433],AUTHORITY[&amp;quot;EPSG&amp;quot;,4686]]&lt;/WKT&gt;&lt;XOrigin&gt;-400&lt;/XOrigin&gt;&lt;YOrigin&gt;-400&lt;/YOrigin&gt;&lt;XYScale&gt;11258999068426.238&lt;/XYScale&gt;&lt;ZOrigin&gt;-100000&lt;/ZOrigin&gt;&lt;ZScale&gt;10000&lt;/ZScale&gt;&lt;MOrigin&gt;-100000&lt;/MOrigin&gt;&lt;MScale&gt;10000&lt;/MScale&gt;&lt;XYTolerance&gt;8.983152841195215e-09&lt;/XYTolerance&gt;&lt;ZTolerance&gt;0.001&lt;/ZTolerance&gt;&lt;MTolerance&gt;0.001&lt;/MTolerance&gt;&lt;HighPrecision&gt;true&lt;/HighPrecision&gt;&lt;LeftLongitude&gt;-180&lt;/LeftLongitude&gt;&lt;WKID&gt;4686&lt;/WKID&gt;&lt;LatestWKID&gt;4686&lt;/LatestWKID&gt;&lt;/GeographicCoordinateSystem&gt;</peXml></coordRef></DataProperties><SyncDate>20250120</SyncDate><SyncTime>13254100</SyncTime><ModDate>20250120</ModDate><ModTime>13254100</ModTime></Esri><dataIdInfo><envirDesc Sync="TRUE"> Version 6.2 (Build 9200) ; Esri ArcGIS 10.9.1.28388</envirDesc><dataLang><languageCode value="eng" Sync="TRUE"></languageCode><countryCode value="USA" Sync="TRUE"></countryCode></dataLang><idCitation><resTitle Sync="TRUE">IRUPZ</resTitle><presForm><PresFormCd value="005" Sync="TRUE"></PresFormCd></presForm></idCitation><spatRpType><SpatRepTypCd value="001" Sync="TRUE"></SpatRepTypCd></spatRpType></dataIdInfo><mdLang><languageCode value="eng" Sync="TRUE"></languageCode><countryCode value="USA" Sync="TRUE"></countryCode></mdLang><distInfo><distFormat><formatName Sync="TRUE">Shapefile</formatName></distFormat><distTranOps><transSize Sync="TRUE">0.000</transSize></distTranOps></distInfo><mdHrLv><ScopeCd value="005" Sync="TRUE"></ScopeCd></mdHrLv><mdHrLvName Sync="TRUE">dataset</mdHrLvName><refSysInfo><RefSystem><refSysID><identCode code="4686" Sync="TRUE"></identCode><idCodeSpace Sync="TRUE">EPSG</idCodeSpace><idVersion Sync="TRUE">6.14(9.2.0)</idVersion></refSysID></RefSystem></refSysInfo><spatRepInfo><VectSpatRep><geometObjs Name="IRUPZ"><geoObjTyp><GeoObjTypCd value="002" Sync="TRUE"></GeoObjTypCd></geoObjTyp><geoObjCnt Sync="TRUE">0</geoObjCnt></geometObjs><topLvl><TopoLevCd value="001" Sync="TRUE"></TopoLevCd></topLvl></VectSpatRep></spatRepInfo><spdoinfo><ptvctinf><esriterm Name="IRUPZ"><efeatyp Sync="TRUE">Simple</efeatyp><efeageom code="4" Sync="TRUE"></efeageom><esritopo Sync="TRUE">FALSE</esritopo><efeacnt Sync="TRUE">0</efeacnt><spindex Sync="TRUE">FALSE</spindex><linrefer Sync="TRUE">FALSE</linrefer></esriterm></ptvctinf></spdoinfo><eainfo><detailed Name="IRUPZ"><enttyp><enttypl Sync="TRUE">IRUPZ</enttypl><enttypt Sync="TRUE">Feature Class</enttypt><enttypc Sync="TRUE">0</enttypc></enttyp><attr><attrlabl Sync="TRUE">FID</attrlabl><attalias Sync="TRUE">FID</attalias><attrtype Sync="TRUE">OID</attrtype><attwidth Sync="TRUE">4</attwidth><atprecis Sync="TRUE">0</atprecis><attscale Sync="TRUE">0</attscale><attrdef Sync="TRUE">Internal feature number.</attrdef><attrdefs Sync="TRUE">Esri</attrdefs><attrdomv><udom Sync="TRUE">Sequential unique whole numbers that are automatically generated.</udom></attrdomv></attr><attr><attrlabl Sync="TRUE">Shape</attrlabl><attalias Sync="TRUE">Shape</attalias><attrtype Sync="TRUE">Geometry</attrtype><attwidth Sync="TRUE">0</attwidth><atprecis Sync="TRUE">0</atprecis><attscale Sync="TRUE">0</attscale><attrdef Sync="TRUE">Feature geometry.</attrdef><attrdefs Sync="TRUE">Esri</attrdefs><attrdomv><udom Sync="TRUE">Coordinates defining the features.</udom></attrdomv></attr><attr><attrlabl Sync="TRUE">CMIUUPLA</attrlabl><attalias Sync="TRUE">CMIUUPLA</attalias><attrtype Sync="TRUE">String</attrtype><attwidth Sync="TRUE">50</attwidth><atprecis Sync="TRUE">0</atprecis><attscale Sync="TRUE">0</attscale></attr><attr><attrlabl Sync="TRUE">CMNOMUPLA</attrlabl><attalias Sync="TRUE">CMNOMUPLA</attalias><attrtype Sync="TRUE">String</attrtype><attwidth Sync="TRUE">254</attwidth><atprecis Sync="TRUE">0</atprecis><attscale Sync="TRUE">0</attscale></attr><attr><attrlabl Sync="TRUE">CMMES</attrlabl><attalias Sync="TRUE">CMMES</attalias><attrtype Sync="TRUE">String</attrtype><attwidth Sync="TRUE">50</attwidth><atprecis Sync="TRUE">0</atprecis><attscale Sync="TRUE">0</attscale></attr><attr><attrlabl Sync="TRUE">CMR18CONT</attrlabl><attalias Sync="TRUE">CMR18CONT</attalias><attrtype Sync="TRUE">Double</attrtype><attwidth Sync="TRUE">19</attwidth><atprecis Sync="TRUE">18</atprecis><attscale Sync="TRUE">10</attscale></attr><attr><attrlabl Sync="TRUE">CMR19CONT</attrlabl><attalias Sync="TRUE">CMR19CONT</attalias><attrtype Sync="TRUE">Double</attrtype><attwidth Sync="TRUE">19</attwidth><atprecis Sync="TRUE">18</atprecis><attscale Sync="TRUE">10</attscale></attr><attr><attrlabl Sync="TRUE">CMR20CONT</attrlabl><attalias Sync="TRUE">CMR20CONT</attalias><attrtype Sync="TRUE">Double</attrtype><attwidth Sync="TRUE">19</attwidth><atprecis Sync="TRUE">18</atprecis><attscale Sync="TRUE">10</attscale></attr><attr><attrlabl Sync="TRUE">CMRVAR</attrlabl><attalias Sync="TRUE">CMRVAR</attalias><attrtype Sync="TRUE">Double</attrtype><attwidth Sync="TRUE">19</attwidth><atprecis Sync="TRUE">18</atprecis><attscale Sync="TRUE">10</attscale></attr><attr><attrlabl Sync="TRUE">CMRTOTAL</attrlabl><attalias Sync="TRUE">CMRTOTAL</attalias><attrtype Sync="TRUE">Double</attrtype><attwidth Sync="TRUE">19</attwidth><atprecis Sync="TRUE">18</atprecis><attscale Sync="TRUE">10</attscale></attr><attr><attrlabl Sync="TRUE">CMN18CONT</attrlabl><attalias Sync="TRUE">CMN18CONT</attalias><attrtype Sync="TRUE">Double</attrtype><attwidth Sync="TRUE">19</attwidth><atprecis Sync="TRUE">18</atprecis><attscale Sync="TRUE">10</attscale></attr><attr><attrlabl Sync="TRUE">CMN19CONT</attrlabl><attalias Sync="TRUE">CMN19CONT</attalias><attrtype Sync="TRUE">Double</attrtype><attwidth Sync="TRUE">19</attwidth><atprecis Sync="TRUE">18</atprecis><attscale Sync="TRUE">10</attscale></attr><attr><attrlabl Sync="TRUE">CMN20CONT</attrlabl><attalias Sync="TRUE">CMN20CONT</attalias><attrtype Sync="TRUE">Double</attrtype><attwidth Sync="TRUE">19</attwidth><atprecis Sync="TRUE">18</atprecis><attscale Sync="TRUE">10</attscale></attr><attr><attrlabl Sync="TRUE">CMNVAR</attrlabl><attalias Sync="TRUE">CMNVAR</attalias><attrtype Sync="TRUE">Double</attrtype><attwidth Sync="TRUE">19</attwidth><atprecis Sync="TRUE">18</atprecis><attscale Sync="TRUE">10</attscale></attr><attr><attrlabl Sync="TRUE">CMNTOTAL</attrlabl><attalias Sync="TRUE">CMNTOTAL</attalias><attrtype Sync="TRUE">Double</attrtype><attwidth Sync="TRUE">19</attwidth><atprecis Sync="TRUE">18</atprecis><attscale Sync="TRUE">10</attscale></attr><attr><attrlabl Sync="TRUE">CMAOP18CON</attrlabl><attalias Sync="TRUE">CMAOP18CON</attalias><attrtype Sync="TRUE">Double</attrtype><attwidth Sync="TRUE">19</attwidth><atprecis Sync="TRUE">18</atprecis><attscale Sync="TRUE">10</attscale></attr><attr><attrlabl Sync="TRUE">CMAOP19CON</attrlabl><attalias Sync="TRUE">CMAOP19CON</attalias><attrtype Sync="TRUE">Double</attrtype><attwidth Sync="TRUE">19</attwidth><atprecis Sync="TRUE">18</atprecis><attscale Sync="TRUE">10</attscale></attr><attr><attrlabl Sync="TRUE">CMAOP20CON</attrlabl><attalias Sync="TRUE">CMAOP20CON</attalias><attrtype Sync="TRUE">Double</attrtype><attwidth Sync="TRUE">19</attwidth><atprecis Sync="TRUE">18</atprecis><attscale Sync="TRUE">10</attscale></attr><attr><attrlabl Sync="TRUE">CMAOPVAR</attrlabl><attalias Sync="TRUE">CMAOPVAR</attalias><attrtype Sync="TRUE">Double</attrtype><attwidth Sync="TRUE">19</attwidth><atprecis Sync="TRUE">18</atprecis><attscale Sync="TRUE">10</attscale></attr><attr><attrlabl Sync="TRUE">CMAOPTOTAL</attrlabl><attalias Sync="TRUE">CMAOPTOTAL</attalias><attrtype Sync="TRUE">Double</attrtype><attwidth Sync="TRUE">19</attwidth><atprecis Sync="TRUE">18</atprecis><attscale Sync="TRUE">10</attscale></attr><attr><attrlabl Sync="TRUE">CMMM18CONT</attrlabl><attalias Sync="TRUE">CMMM18CONT</attalias><attrtype Sync="TRUE">Double</attrtype><attwidth Sync="TRUE">19</attwidth><atprecis Sync="TRUE">18</atprecis><attscale Sync="TRUE">10</attscale></attr><attr><attrlabl Sync="TRUE">CMMM19CONT</attrlabl><attalias Sync="TRUE">CMMM19CONT</attalias><attrtype Sync="TRUE">Double</attrtype><attwidth Sync="TRUE">19</attwidth><atprecis Sync="TRUE">18</atprecis><attscale Sync="TRUE">10</attscale></attr><attr><attrlabl Sync="TRUE">CMMM20CONT</attrlabl><attalias Sync="TRUE">CMMM20CONT</attalias><attrtype Sync="TRUE">Double</attrtype><attwidth Sync="TRUE">19</attwidth><atprecis Sync="TRUE">18</atprecis><attscale Sync="TRUE">10</attscale></attr><attr><attrlabl Sync="TRUE">CMMMVAR</attrlabl><attalias Sync="TRUE">CMMMVAR</attalias><attrtype Sync="TRUE">Double</attrtype><attwidth Sync="TRUE">19</attwidth><atprecis Sync="TRUE">18</atprecis><attscale Sync="TRUE">10</attscale></attr><attr><attrlabl Sync="TRUE">CMMMTOTAL</attrlabl><attalias Sync="TRUE">CMMMTOTAL</attalias><attrtype Sync="TRUE">Double</attrtype><attwidth Sync="TRUE">19</attwidth><atprecis Sync="TRUE">18</atprecis><attscale Sync="TRUE">10</attscale></attr><attr><attrlabl Sync="TRUE">CMR21CONT</attrlabl><attalias Sync="TRUE">CMR21CONT</attalias><attrtype Sync="TRUE">Double</attrtype><attwidth Sync="TRUE">19</attwidth><atprecis Sync="TRUE">18</atprecis><attscale Sync="TRUE">10</attscale></attr><attr><attrlabl Sync="TRUE">CMN21CONT</attrlabl><attalias Sync="TRUE">CMN21CONT</attalias><attrtype Sync="TRUE">Double</attrtype><attwidth Sync="TRUE">19</attwidth><atprecis Sync="TRUE">18</atprecis><attscale Sync="TRUE">10</attscale></attr><attr><attrlabl Sync="TRUE">CMAOP21CON</attrlabl><attalias Sync="TRUE">CMAOP21CON</attalias><attrtype Sync="TRUE">Double</attrtype><attwidth Sync="TRUE">19</attwidth><atprecis Sync="TRUE">18</atprecis><attscale Sync="TRUE">10</attscale></attr><attr><attrlabl Sync="TRUE">CMMM21CONT</attrlabl><attalias Sync="TRUE">CMMM21CONT</attalias><attrtype Sync="TRUE">Double</attrtype><attwidth Sync="TRUE">19</attwidth><atprecis Sync="TRUE">18</atprecis><attscale Sync="TRUE">10</attscale></attr><attr><attrlabl Sync="TRUE">CMR22CONT</attrlabl><attalias Sync="TRUE">CMR22CONT</attalias><attrtype Sync="TRUE">Double</attrtype><attwidth Sync="TRUE">19</attwidth><atprecis Sync="TRUE">18</atprecis><attscale Sync="TRUE">10</attscale></attr><attr><attrlabl Sync="TRUE">CMN22CONT</attrlabl><attalias Sync="TRUE">CMN22CONT</attalias><attrtype Sync="TRUE">Double</attrtype><attwidth Sync="TRUE">19</attwidth><atprecis Sync="TRUE">18</atprecis><attscale Sync="TRUE">10</attscale></attr><attr><attrlabl Sync="TRUE">CMAOP22CON</attrlabl><attalias Sync="TRUE">CMAOP22CON</attalias><attrtype Sync="TRUE">Double</attrtype><attwidth Sync="TRUE">19</attwidth><atprecis Sync="TRUE">18</atprecis><attscale Sync="TRUE">10</attscale></attr><attr><attrlabl Sync="TRUE">CMMM22CONT</attrlabl><attalias Sync="TRUE">CMMM22CONT</attalias><attrtype Sync="TRUE">Double</attrtype><attwidth Sync="TRUE">19</attwidth><atprecis Sync="TRUE">18</atprecis><attscale Sync="TRUE">10</attscale></attr><attr><attrlabl Sync="TRUE">CMR23CONT</attrlabl><attalias Sync="TRUE">CMR23CONT</attalias><attrtype Sync="TRUE">Double</attrtype><attwidth Sync="TRUE">19</attwidth><atprecis Sync="TRUE">18</atprecis><attscale Sync="TRUE">10</attscale></attr><attr><attrlabl Sync="TRUE">CMN23CONT</attrlabl><attalias Sync="TRUE">CMN23CONT</attalias><attrtype Sync="TRUE">Double</attrtype><attwidth Sync="TRUE">19</attwidth><atprecis Sync="TRUE">18</atprecis><attscale Sync="TRUE">10</attscale></attr><attr><attrlabl Sync="TRUE">CMAOP23CON</attrlabl><attalias Sync="TRUE">CMAOP23CON</attalias><attrtype Sync="TRUE">Double</attrtype><attwidth Sync="TRUE">19</attwidth><atprecis Sync="TRUE">18</atprecis><attscale Sync="TRUE">10</attscale></attr><attr><attrlabl Sync="TRUE">CMMM23CONT</attrlabl><attalias Sync="TRUE">CMMM23CONT</attalias><attrtype Sync="TRUE">Double</attrtype><attwidth Sync="TRUE">19</attwidth><atprecis Sync="TRUE">18</atprecis><attscale Sync="TRUE">10</attscale></attr><attr><attrlabl Sync="TRUE">CMM18CONT</attrlabl><attalias Sync="TRUE">CMM18CONT</attalias><attrtype Sync="TRUE">Double</attrtype><attwidth Sync="TRUE">19</attwidth><atprecis Sync="TRUE">18</atprecis><attscale Sync="TRUE">10</attscale></attr><attr><attrlabl Sync="TRUE">CMM19CONT</attrlabl><attalias Sync="TRUE">CMM19CONT</attalias><attrtype Sync="TRUE">Double</attrtype><attwidth Sync="TRUE">19</attwidth><atprecis Sync="TRUE">18</atprecis><attscale Sync="TRUE">10</attscale></attr><attr><attrlabl Sync="TRUE">CMM20CONT</attrlabl><attalias Sync="TRUE">CMM20CONT</attalias><attrtype Sync="TRUE">Double</attrtype><attwidth Sync="TRUE">19</attwidth><atprecis Sync="TRUE">18</atprecis><attscale Sync="TRUE">10</attscale></attr><attr><attrlabl Sync="TRUE">CMM21CONT</attrlabl><attalias Sync="TRUE">CMM21CONT</attalias><attrtype Sync="TRUE">Double</attrtype><attwidth Sync="TRUE">19</attwidth><atprecis Sync="TRUE">18</atprecis><attscale Sync="TRUE">10</attscale></attr><attr><attrlabl Sync="TRUE">CMM22CONT</attrlabl><attalias Sync="TRUE">CMM22CONT</attalias><attrtype Sync="TRUE">Double</attrtype><attwidth Sync="TRUE">19</attwidth><atprecis Sync="TRUE">18</atprecis><attscale Sync="TRUE">10</attscale></attr><attr><attrlabl Sync="TRUE">CMM23CONT</attrlabl><attalias Sync="TRUE">CMM23CONT</attalias><attrtype Sync="TRUE">Double</attrtype><attwidth Sync="TRUE">19</attwidth><atprecis Sync="TRUE">18</atprecis><attscale Sync="TRUE">10</attscale></attr><attr><attrlabl Sync="TRUE">CMMVAR</attrlabl><attalias Sync="TRUE">CMMVAR</attalias><attrtype Sync="TRUE">Double</attrtype><attwidth Sync="TRUE">19</attwidth><atprecis Sync="TRUE">18</atprecis><attscale Sync="TRUE">10</attscale></attr><attr><attrlabl Sync="TRUE">CMMTOTAL</attrlabl><attalias Sync="TRUE">CMMTOTAL</attalias><attrtype Sync="TRUE">Double</attrtype><attwidth Sync="TRUE">19</attwidth><atprecis Sync="TRUE">18</atprecis><attscale Sync="TRUE">10</attscale></attr><attr><attrlabl Sync="TRUE">CMR24CONT</attrlabl><attalias Sync="TRUE">CMR24CONT</attalias><attrtype Sync="TRUE">Double</attrtype><attwidth Sync="TRUE">19</attwidth><atprecis Sync="TRUE">18</atprecis><attscale Sync="TRUE">10</attscale></attr><attr><attrlabl Sync="TRUE">CMN24CONT</attrlabl><attalias Sync="TRUE">CMN24CONT</attalias><attrtype Sync="TRUE">Double</attrtype><attwidth Sync="TRUE">19</attwidth><atprecis Sync="TRUE">18</atprecis><attscale Sync="TRUE">10</attscale></attr><attr><attrlabl Sync="TRUE">CMAOP24CON</attrlabl><attalias Sync="TRUE">CMAOP24CON</attalias><attrtype Sync="TRUE">Double</attrtype><attwidth Sync="TRUE">19</attwidth><atprecis Sync="TRUE">18</atprecis><attscale Sync="TRUE">10</attscale></attr><attr><attrlabl Sync="TRUE">CMMM24CONT</attrlabl><attalias Sync="TRUE">CMMM24CONT</attalias><attrtype Sync="TRUE">Double</attrtype><attwidth Sync="TRUE">19</attwidth><atprecis Sync="TRUE">18</atprecis><attscale Sync="TRUE">10</attscale></attr><attr><attrlabl Sync="TRUE">CMM24CONT</attrlabl><attalias Sync="TRUE">CMM24CONT</attalias><attrtype Sync="TRUE">Double</attrtype><attwidth Sync="TRUE">19</attwidth><atprecis Sync="TRUE">18</atprecis><attscale Sync="TRUE">10</attscale></attr><attr><attrlabl Sync="TRUE">SHAPE_AREA</attrlabl><attalias Sync="TRUE">SHAPE_AREA</attalias><attrtype Sync="TRUE">Double</attrtype><attwidth Sync="TRUE">19</attwidth><atprecis Sync="TRUE">0</atprecis><attscale Sync="TRUE">0</attscale><attrdef Sync="TRUE">Area of feature in internal units squared.</attrdef><attrdefs Sync="TRUE">Esri</attrdefs><attrdomv><udom Sync="TRUE">Positive real numbers that are automatically generated.</udom></attrdomv></attr><attr><attrlabl Sync="TRUE">SHAPE_LEN</attrlabl><attalias Sync="TRUE">SHAPE_LEN</attalias><attrtype Sync="TRUE">Double</attrtype><attwidth Sync="TRUE">19</attwidth><atprecis Sync="TRUE">0</atprecis><attscale Sync="TRUE">0</attscale></attr></detailed></eainfo><mdDateSt Sync="TRUE">20250120</mdDateSt></metadata>
